Program,Formal Code,Title,Section,Room1,Room2,Day1,Day2,Time1,Time2,Faculty Full Name,Initial,Cr.
BSCSE,ACT 2111,Financial and Managerial Accounting,B,304,304,Sat,Tue,09:51:AM - 11:10:AM,09:51:AM - 11:10:AM,Israt Jabin,ItJn,3
BSCSE,ACT 2111,Financial and Managerial Accounting,C,303,303,Sun,Wed,03:11:PM - 04:30:PM,03:11:PM - 04:30:PM,Ishrat Jahan,IJ,3
BSCSE,ACT 2111,Financial and Managerial Accounting,A,303,303,Sat,Tue,09:51:AM - 11:10:AM,09:51:AM - 11:10:AM,Ishrat Jahan,IJ,3
BSCSE,BDS 1201,History of the Emergence of Bangladesh,AC,303,303,Sat,Tue,08:30:AM - 09:50:AM,08:30:AM - 09:50:AM,Al Jamal Mustafa Shindaini,AJMSh,2
BSCSE,BDS 1201,History of the Emergence of Bangladesh,AD,303,303,Sun,Wed,08:30:AM - 09:50:AM,08:30:AM - 09:50:AM,Mabia Momen,MaMmn,2
BSCSE,BDS 1201,History of the Emergence of Bangladesh,AE,303,303,Sun,Wed,01:51:PM - 03:10:PM,01:51:PM - 03:10:PM,Md. Ashraf Aziz Ishrak Fahim,AAIF,2
BSCSE,BDS 1201,History of the Emergence of Bangladesh,AF,303,303,Sat,Tue,11:11:AM - 12:30:PM,11:11:AM - 12:30:PM,Nazmul Huda,NaHu,2
BSCSE,BDS 1201,History of the Emergence of Bangladesh,AG,303,303,Sat,Tue,12:31:PM - 01:50:PM,12:31:PM - 01:50:PM,Nazmul Huda,NaHu,2
BSCSE,BDS 1201,History of the Emergence of Bangladesh,AH,304,304,Sun,Wed,03:11:PM - 04:30:PM,03:11:PM - 04:30:PM,Md. Ashraf Aziz Ishrak Fahim,AAIF,2
BSCSE,BDS 1201,History of the Emergence of Bangladesh,AA,305,305,Sat,Tue,09:51:AM - 11:10:AM,09:51:AM - 11:10:AM,Al Jamal Mustafa Shindaini,AJMSh,2
BSCSE,BDS 1201,History of the Emergence of Bangladesh,AB,303,303,Sun,Wed,09:51:AM - 11:10:AM,09:51:AM - 11:10:AM,Mabia Momen,MaMmn,2
BSCSE,BIO 3105,Biology for Engineers,A,306,306,Sat,Tue,09:51:AM - 11:10:AM,09:51:AM - 11:10:AM,Muhammad Sibgatullah Zunnun,MSZn,3
BSCSE,BIO 3105,Biology for Engineers,B,304,304,Sat,Tue,11:11:AM - 12:30:PM,11:11:AM - 12:30:PM,Hasin Anupama Azhari,HAA,3
BSCSE,BIO 3105,Biology for Engineers,C,304,304,Sat,Tue,12:31:PM - 01:50:PM,12:31:PM - 01:50:PM,Hasin Anupama Azhari,HAA,3
BSCSE,BIO 3105,Biology for Engineers,D,303,303,Sat,Tue,01:51:PM - 03:10:PM,01:51:PM - 03:10:PM,Mobashara Islam,MobIm,3
BSCSE,BIO 3105,Biology for Engineers,E,304,304,Sat,Tue,08:30:AM - 09:50:AM,08:30:AM - 09:50:AM,Nahid Tamanna,NaTa,3
BSCSE,BIO 3105,Biology for Engineers,F,307,307,Sat,Tue,09:51:AM - 11:10:AM,09:51:AM - 11:10:AM,Mobashara Islam,MobIm,3
BSCSE,BIO 3105,Biology for Engineers,H,304,304,Sun,Wed,09:51:AM - 11:10:AM,09:51:AM - 11:10:AM,Mobashara Islam,MobIm,3
BSCSE,BIO 3105,Biology for Engineers,I,303,303,Sun,Wed,11:11:AM - 12:30:PM,11:11:AM - 12:30:PM,Hasin Anupama Azhari,HAA,3
BSCSE,BIO 3105,Biology for Engineers,J,303,303,Sun,Wed,12:31:PM - 01:50:PM,12:31:PM - 01:50:PM,Atiq Abrar Rahman,AARn,3
BSCSE,BIO 3105,Biology for Engineers,K,304,304,Sun,Wed,01:51:PM - 03:10:PM,01:51:PM - 03:10:PM,Atiq Abrar Rahman,AARn,3
BSCSE,CSE 1110,Introduction to Computer Systems,A,326 (Computer Lab),,Sun,,08:30:AM - 11:00:AM, - ,Mohmmad Ali,MoA,1
BSCSE,CSE 1110,Introduction to Computer Systems,B,522 (Computer Lab),,Sat,,08:30:AM - 11:00:AM, - ,Hamudi Hasan Sonet,HHS,1
BSCSE,CSE 1110,Introduction to Computer Systems,C,326 (Computer Lab),,Wed,,08:30:AM - 11:00:AM, - ,Mohmmad Ali,MoA,1
BSCSE,CSE 1110,Introduction to Computer Systems,D,326 (Computer Lab),,Wed,,11:11:AM - 01:40:PM, - ,Shoib Ahmed Shourav,SAhSh,1
BSCSE,CSE 1110,Introduction to Computer Systems,E,326 (Computer Lab),,Sun,,11:11:AM - 01:40:PM, - ,Shoib Ahmed Shourav,SAhSh,1
BSCSE,CSE 1110,Introduction to Computer Systems,F,326 (Computer Lab),,Sat,,11:11:AM - 01:40:PM, - ,Md. Tanvir Raihan,MTR,1
BSCSE,CSE 1110,Introduction to Computer Systems,G,326 (Computer Lab),,Tue,,11:11:AM - 01:40:PM, - ,Sahid Hossain Mustakim,SHMm,1
BSCSE,CSE 1110,Introduction to Computer Systems,H,523 (Computer Lab),,Tue,,08:30:AM - 11:00:AM, - ,Hamudi Hasan Sonet,HHS,1
BSCSE,CSE 1110,Introduction to Computer Systems,I,327 (Computer Lab),,Tue,,08:30:AM - 11:00:AM, - ,Abu Bakar Fahad,ABF,1
BSCSE,CSE 1111,Structured Programming Language,A,305,305,Sat,Tue,08:30:AM - 09:50:AM,08:30:AM - 09:50:AM,Anika Tasnim Rodela,ATR,3
BSCSE,CSE 1111,Structured Programming Language,B,308,308,Sat,Tue,09:51:AM - 11:10:AM,09:51:AM - 11:10:AM,Hasan Sarwar,HS,3
BSCSE,CSE 1111,Structured Programming Language,C,305,305,Sat,Tue,11:11:AM - 12:30:PM,11:11:AM - 12:30:PM,Anika Tasnim Rodela,ATR,3
BSCSE,CSE 1111,Structured Programming Language,D,306,306,Sat,Tue,12:31:PM - 01:50:PM,12:31:PM - 01:50:PM,Sabah Ahmed,SabAd,3
BSCSE,CSE 1111,Structured Programming Language,E,304,304,Sat,Tue,01:51:PM - 03:10:PM,01:51:PM - 03:10:PM,Sidratul Tanzila Tasmi,STT,3
BSCSE,CSE 1111,Structured Programming Language,F,306,306,Sat,Tue,08:30:AM - 09:50:AM,08:30:AM - 09:50:AM,Nusrat Jahan Tithi,NtJT,3
BSCSE,CSE 1111,Structured Programming Language,G,309,309,Sat,Tue,09:51:AM - 11:10:AM,09:51:AM - 11:10:AM,Khushnur Binte Jahangir,KBJ,3
BSCSE,CSE 1111,Structured Programming Language,H,306,306,Sat,Tue,11:11:AM - 12:30:PM,11:11:AM - 12:30:PM,Mohammad Nurul Huda,MNH,3
BSCSE,CSE 1111,Structured Programming Language,J,305,305,Sat,Tue,01:51:PM - 03:10:PM,01:51:PM - 03:10:PM,Shekh. Md. Saifur Rahman,SMSR,3
BSCSE,CSE 1111,Structured Programming Language,K,305,305,Sun,Wed,08:30:AM - 09:50:AM,08:30:AM - 09:50:AM,Sherajul Arifin,ShArn,3
BSCSE,CSE 1111,Structured Programming Language,I,307,307,Sat,Tue,12:31:PM - 01:50:PM,12:31:PM - 01:50:PM,Sherajul Arifin,ShArn,3
BSCSE,CSE 1111,Structured Programming Language,L,305,305,Sun,Wed,09:51:AM - 11:10:AM,09:51:AM - 11:10:AM,Nusrat Jahan Tithi,NtJT,3
BSCSE,CSE 1111,Structured Programming Language,M,304,304,Sun,Wed,11:11:AM - 12:30:PM,11:11:AM - 12:30:PM,Md. Benzir Ahmed,MBAd,3
BSCSE,CSE 1111,Structured Programming Language,N,304,304,Sun,Wed,12:31:PM - 01:50:PM,12:31:PM - 01:50:PM,Nusrat Jahan Tithi,NtJT,3
BSCSE,CSE 1111,Structured Programming Language,O,305,305,Sun,Wed,01:51:PM - 03:10:PM,01:51:PM - 03:10:PM,Mir Moynuddin Ahmed Shibly,MMAS,3
BSCSE,CSE 1111,Structured Programming Language,P,307,307,Sun,Wed,03:11:PM - 04:30:PM,03:11:PM - 04:30:PM,Shekh. Md. Saifur Rahman,SMSR,3
BSCSE,CSE 1111,Structured Programming Language,Q,306,306,Sun,Wed,08:30:AM - 09:50:AM,08:30:AM - 09:50:AM,Shekh. Md. Saifur Rahman,SMSR,3
BSCSE,CSE 1111,Structured Programming Language,R (If Required),306,306,Sun,Wed,09:51:AM - 11:10:AM,09:51:AM - 11:10:AM,,,3
BSCSE,CSE 1111,Structured Programming Language,T,306,306,Sun,Wed,01:51:PM - 03:10:PM,01:51:PM - 03:10:PM,Sherajul Arifin,ShArn,3
BSCSE,CSE 1111,Structured Programming Language,U,308,308,Sun,Wed,03:11:PM - 04:30:PM,03:11:PM - 04:30:PM,Sahid Hossain Mustakim,SHMm,3
BSCSE,CSE 1112,Structured Programming Language Laboratory,A,327 (Computer Lab),,Sat,,11:11:AM - 01:40:PM, - ,Khushnur Binte Jahangir,KBJ,1
BSCSE,CSE 1112,Structured Programming Language Laboratory,B,422 (Computer Lab),,Tue,,11:11:AM - 01:40:PM, - ,Nabila Sabrin Sworna,NSS,1
BSCSE,CSE 1112,Structured Programming Language Laboratory,C,422 (Computer Lab),,Sun,,11:11:AM - 01:40:PM, - ,Anika Tasnim Rodela,ATR,1
BSCSE,CSE 1112,Structured Programming Language Laboratory,D,422 (Computer Lab),,Sat,,11:11:AM - 01:40:PM, - ,Nabila Sabrin Sworna,NSS,1
BSCSE,CSE 1112,Structured Programming Language Laboratory,E,423 (Computer Lab),,Sun,,11:11:AM - 01:40:PM, - ,Asnuva Tanvin,AsTn,1
BSCSE,CSE 1112,Structured Programming Language Laboratory,F,327 (Computer Lab),,Sun,,08:30:AM - 11:00:AM, - ,Anika Tasnim Rodela,ATR,1
BSCSE,CSE 1112,Structured Programming Language Laboratory,G,422 (Computer Lab),,Wed,,11:11:AM - 01:40:PM, - ,Mohammad Mirazur Rahman,MdMrRn,1
BSCSE,CSE 1112,Structured Programming Language Laboratory,H,423 (Computer Lab),,Wed,,11:11:AM - 01:40:PM, - ,Miftahul Sheikh,MfSh,1
BSCSE,CSE 1112,Structured Programming Language Laboratory,I,423 (Computer Lab),,Tue,,11:11:AM - 01:40:PM, - ,Abu Bakar Fahad,ABF,1
BSCSE,CSE 1112,Structured Programming Language Laboratory,J,422 (Computer Lab),,Sun,,08:30:AM - 11:00:AM, - ,Minhajul Bashir,MiBa,1
BSCSE,CSE 1112,Structured Programming Language Laboratory,K,327 (Computer Lab),,Sat,,08:30:AM - 11:00:AM, - ,Sidratul Tanzila Tasmi,STT,1
BSCSE,CSE 1112,Structured Programming Language Laboratory,L,422 (Computer Lab),,Tue,,08:30:AM - 11:00:AM, - ,Sidratul Tanzila Tasmi,STT,1
BSCSE,CSE 1112,Structured Programming Language Laboratory,M,423 (Computer Lab),,Sun,,08:30:AM - 11:00:AM, - ,Sahid Hossain Mustakim,SHMm,1
BSCSE,CSE 1112,Structured Programming Language Laboratory,N,327 (Computer Lab),,Wed,,08:30:AM - 11:00:AM, - ,Minhajul Bashir,MiBa,1
BSCSE,CSE 1112,Structured Programming Language Laboratory,O,422 (Computer Lab),,Sat,,08:30:AM - 11:00:AM, - ,Sherajul Arifin,ShArn,1
BSCSE,CSE 1112,Structured Programming Language Laboratory,P,423 (Computer Lab),,Tue,,08:30:AM - 11:00:AM, - ,Sherajul Arifin,ShArn,1
BSCSE,CSE 1112,Structured Programming Language Laboratory,Q,422 (Computer Lab),,Wed,,08:30:AM - 11:00:AM, - ,Sahid Hossain Mustakim,SHMm,1
BSCSE,CSE 1112,Structured Programming Language Laboratory,R (If Required),424 (Computer Lab),,Wed,,11:11:AM - 01:40:PM, - ,,,1
BSCSE,CSE 1115,Object Oriented Programming,B,322,322,Sat,Tue,09:51:AM - 11:10:AM,09:51:AM - 11:10:AM,Md. Zunaid-Ul-Alam,MZUA,3
BSCSE,CSE 1115,Object Oriented Programming,C,307,307,Sat,Tue,11:11:AM - 12:30:PM,11:11:AM - 12:30:PM,Rakibul Hasan Rafi,RaHR,3
BSCSE,CSE 1115,Object Oriented Programming,D,308,308,Sat,Tue,12:31:PM - 01:50:PM,12:31:PM - 01:50:PM,Md. Zunaid-Ul-Alam,MZUA,3
BSCSE,CSE 1115,Object Oriented Programming,G,307,307,Sun,Wed,09:51:AM - 11:10:AM,09:51:AM - 11:10:AM,Tahsin Wahid,TW,3
BSCSE,CSE 1115,Object Oriented Programming,H,306,306,Sun,Wed,11:11:AM - 12:30:PM,11:11:AM - 12:30:PM,Md. Zunaid-Ul-Alam,MZUA,3
BSCSE,CSE 1115,Object Oriented Programming,I,305,305,Sun,Wed,12:31:PM - 01:50:PM,12:31:PM - 01:50:PM,Md. Rahad Khan,RaK,3
BSCSE,CSE 1115,Object Oriented Programming,K,309,309,Sun,Wed,03:11:PM - 04:30:PM,03:11:PM - 04:30:PM,Abdullah Ibne Masud Mahi,AIMM,3
BSCSE,CSE 1115,Object Oriented Programming,E,306,306,Sat,Tue,01:51:PM - 03:10:PM,01:51:PM - 03:10:PM,Md. Romizul Islam,MdRIm,3
BSCSE,CSE 1115,Object Oriented Programming,F,307,307,Sun,Wed,08:30:AM - 09:50:AM,08:30:AM - 09:50:AM,Asnuva Tanvin,AsTn,3
BSCSE,CSE 1115,Object Oriented Programming,A,307,307,Sat,Tue,08:30:AM - 09:50:AM,08:30:AM - 09:50:AM,Md. Tanvir Raihan,MTR,3
BSCSE,CSE 1115,Object Oriented Programming,J,307,307,Sun,Wed,01:51:PM - 03:10:PM,01:51:PM - 03:10:PM,Md. Rahad Khan,RaK,3
BSCSE,CSE 1116,Object Oriented Programming Laboratory,A,424 (Computer Lab),,Tue,,11:11:AM - 01:40:PM, - ,Tasmia Binte Sogir,TBS,1
BSCSE,CSE 1116,Object Oriented Programming Laboratory,B,326 (Computer Lab),,Tue,,02:00:PM - 04:30:PM, - ,Md. Tanvir Raihan,MTR,1
BSCSE,CSE 1116,Object Oriented Programming Laboratory,C,326 (Computer Lab),,Wed,,02:00:PM - 04:30:PM, - ,Rakibul Hasan Rafi,RaHR,1
BSCSE,CSE 1116,Object Oriented Programming Laboratory,D,424 (Computer Lab),,Sun,,08:30:AM - 11:00:AM, - ,Rakibul Hasan Rafi,RaHR,1
BSCSE,CSE 1116,Object Oriented Programming Laboratory,E,423 (Computer Lab),,Sat,,08:30:AM - 11:00:AM, - ,Md. Romizul Islam,MdRIm,1
BSCSE,CSE 1116,Object Oriented Programming Laboratory,F,326 (Computer Lab),,Sun,,02:00:PM - 04:30:PM, - ,Md. Zunaid-Ul-Alam,MZUA,1
BSCSE,CSE 1116,Object Oriented Programming Laboratory,G,423 (Computer Lab),,Wed,,08:30:AM - 11:00:AM, - ,Md. Zunaid-Ul-Alam,MZUA,1
BSCSE,CSE 1325,Digital Logic Design,A,308,308,Sat,Tue,08:30:AM - 09:50:AM,08:30:AM - 09:50:AM,Asnuva Tanvin,AsTn,3
BSCSE,CSE 1325,Digital Logic Design,B,323,323,Sat,Tue,09:51:AM - 11:10:AM,09:51:AM - 11:10:AM,Anudwaipaon Antu,AdAn,3
BSCSE,CSE 1325,Digital Logic Design,C,308,308,Sat,Tue,11:11:AM - 12:30:PM,11:11:AM - 12:30:PM,Anudwaipaon Antu,AdAn,3
BSCSE,CSE 1325,Digital Logic Design,E,307,307,Sat,Tue,01:51:PM - 03:10:PM,01:51:PM - 03:10:PM,Riasat Azim,RtAm,3
BSCSE,CSE 1325,Digital Logic Design,F,308,308,Sun,Wed,08:30:AM - 09:50:AM,08:30:AM - 09:50:AM,Md. Benzir Ahmed,MBAd,3
BSCSE,CSE 1325,Digital Logic Design,G,308,308,Sun,Wed,09:51:AM - 11:10:AM,09:51:AM - 11:10:AM,Shahriar Mahmud,ShMd,3
BSCSE,CSE 1325,Digital Logic Design,H,307,307,Sun,Wed,11:11:AM - 12:30:PM,11:11:AM - 12:30:PM,Riasat Azim,RtAm,3
BSCSE,CSE 1325,Digital Logic Design,I,306,306,Sun,Wed,12:31:PM - 01:50:PM,12:31:PM - 01:50:PM,Md. Benzir Ahmed,MBAd,3
BSCSE,CSE 1325,Digital Logic Design,J,308,308,Sun,Wed,01:51:PM - 03:10:PM,01:51:PM - 03:10:PM,Tasmia Binte Sogir,TBS,3
BSCSE,CSE 1325,Digital Logic Design,K,322,322,Sun,Wed,03:11:PM - 04:30:PM,03:11:PM - 04:30:PM,Tasmia Binte Sogir,TBS,3
BSCSE,CSE 1325,Digital Logic Design,D,309,309,Sat,Tue,12:31:PM - 01:50:PM,12:31:PM - 01:50:PM,Asnuva Tanvin,AsTn,3
BSCSE,CSE 1326,Digital Logic Design Laboratory,A,508 (Digital Lab),,Wed,,11:11:AM - 01:40:PM, - ,Asnuva Tanvin,AsTn,1
BSCSE,CSE 1326,Digital Logic Design Laboratory,B,508 (Digital Lab),,Sat,,11:11:AM - 01:40:PM, - ,Shahriar Mahmud,ShMd,1
BSCSE,CSE 1326,Digital Logic Design Laboratory,C,508 (Digital Lab),,Sun,,11:11:AM - 01:40:PM, - ,Shahriar Mahmud,ShMd,1
BSCSE,CSE 1326,Digital Logic Design Laboratory,D,508 (Digital Lab),,Sat,,08:30:AM - 11:00:AM, - ,Sayeem Been Zaman,SBZ,1
BSCSE,CSE 1326,Digital Logic Design Laboratory,E,508 (Digital Lab),,Tue,,02:00:PM - 04:30:PM, - ,Sayeem Been Zaman,SBZ,1
BSCSE,CSE 1326,Digital Logic Design Laboratory,F,508 (Digital Lab),,Sun,,02:00:PM - 04:30:PM, - ,Fahim Hafiz,FaHa,1
BSCSE,CSE 1326,Digital Logic Design Laboratory,G,508 (Digital Lab),,Wed,,02:00:PM - 04:30:PM, - ,Fahim Hafiz,FaHa,1
BSCSE,CSE 1326,Digital Logic Design Laboratory,H,508 (Digital Lab),,Tue,,08:30:AM - 11:00:AM, - ,Tasmia Binte Sogir,TBS,1
BSCSE,CSE 2118,Advanced Object Oriented Programming Laboratory,A,424 (Computer Lab),,Sun,,11:11:AM - 01:40:PM, - ,Abdus Sayef Reyadh,ASR,1
BSCSE,CSE 2118,Advanced Object Oriented Programming Laboratory,B,426 (Computer Lab),,Tue,,11:11:AM - 01:40:PM, - ,Mohammad Mirazur Rahman,MdMrRn,1
BSCSE,CSE 2118,Advanced Object Oriented Programming Laboratory,C,423 (Computer Lab),,Sat,,11:11:AM - 01:40:PM, - ,Ashraful Kabir,AshKr,1
BSCSE,CSE 2118,Advanced Object Oriented Programming Laboratory,E,424 (Computer Lab),,Tue,,08:30:AM - 11:00:AM, - ,Md. Enamul Haque,MEHq,1
BSCSE,CSE 2118,Advanced Object Oriented Programming Laboratory,F,327 (Computer Lab),,Wed,,02:00:PM - 04:30:PM, - ,Faria Tabassum,FT,1
BSCSE,CSE 2118,Advanced Object Oriented Programming Laboratory,G,327 (Computer Lab),,Tue,,02:00:PM - 04:30:PM, - ,Miftahul Sheikh,MfSh,1
BSCSE,CSE 2118,Advanced Object Oriented Programming Laboratory,H,426 (Computer Lab),,Sun,,08:30:AM - 11:00:AM, - ,Tonmoy Saha,ToSa,1
BSCSE,CSE 2118,Advanced Object Oriented Programming Laboratory,I,422 (Computer Lab),,Tue,,02:00:PM - 04:30:PM, - ,Raiyan Janik Monir,RJM,1
BSCSE,CSE 2118,Advanced Object Oriented Programming Laboratory,J,327 (Computer Lab),,Sun,,02:00:PM - 04:30:PM, - ,Kazi Abdun Noor,KAN,1
BSCSE,CSE 2118,Advanced Object Oriented Programming Laboratory,K,424 (Computer Lab),,Wed,,08:30:AM - 11:00:AM, - ,Raiyan Janik Monir,RJM,1
BSCSE,CSE 2118,Advanced Object Oriented Programming Laboratory,D,426 (Computer Lab),,Wed,,11:11:AM - 01:40:PM, - ,Kazi Abdun Noor,KAN,1
BSCSE,CSE 2213,Discrete Mathematics,A,322,322,Sun,Wed,08:30:AM - 09:50:AM,08:30:AM - 09:50:AM,Faria Tabassum,FT,3
BSCSE,CSE 2213,Discrete Mathematics,D,324,324,Sat,Tue,09:51:AM - 11:10:AM,09:51:AM - 11:10:AM,Charles Aunkan Gomes,CAG,3
BSCSE,CSE 2213,Discrete Mathematics,E,309,309,Sat,Tue,11:11:AM - 12:30:PM,11:11:AM - 12:30:PM,Nusaiba Zaman Manifa,NZMa,3
BSCSE,CSE 2213,Discrete Mathematics,F,308,308,Sat,Tue,01:51:PM - 03:10:PM,01:51:PM - 03:10:PM,Rakib Ahsan,RbAn,3
BSCSE,CSE 2213,Discrete Mathematics,B,308,308,Sun,Wed,11:11:AM - 12:30:PM,11:11:AM - 12:30:PM,Faria Tabassum,FT,3
BSCSE,CSE 2213,Discrete Mathematics,C,309,309,Sun,Wed,01:51:PM - 03:10:PM,01:51:PM - 03:10:PM,Charles Aunkan Gomes,CAG,3
BSCSE,CSE 2215,Data Structure and Algorithms I,AF,408,,Tue,,11:11:AM - 01:40:PM, - ,Md. Abul Kashem Mia,AKM,3
BSCSE,CSE 2215,Data Structure and Algorithms I,A,309,309,Sat,Tue,08:30:AM - 09:50:AM,08:30:AM - 09:50:AM,Rubaiya Rahtin Khan,RRK,3
BSCSE,CSE 2215,Data Structure and Algorithms I,B,325,325,Sat,Tue,09:51:AM - 11:10:AM,09:51:AM - 11:10:AM,Asif Abrar,AsAr,3
BSCSE,CSE 2215,Data Structure and Algorithms I,C,322,322,Sat,Tue,11:11:AM - 12:30:PM,11:11:AM - 12:30:PM,Hafijul Hoque Chowdhury,HHCh,3
BSCSE,CSE 2215,Data Structure and Algorithms I,D,322,322,Sat,Tue,12:31:PM - 01:50:PM,12:31:PM - 01:50:PM,Asif Abrar,AsAr,3
BSCSE,CSE 2215,Data Structure and Algorithms I,AA,323,323,Sun,Wed,09:51:AM - 11:10:AM,09:51:AM - 11:10:AM,Asif Abrar,AsAr,3
BSCSE,CSE 2215,Data Structure and Algorithms I,AB,324,324,Sun,Wed,11:11:AM - 12:30:PM,11:11:AM - 12:30:PM,Md. Tarek Hasan,MdTH,3
BSCSE,CSE 2215,Data Structure and Algorithms I,AC,309,309,Sun,Wed,12:31:PM - 01:50:PM,12:31:PM - 01:50:PM,Shahil Yasar Haque,SYH,3
BSCSE,CSE 2215,Data Structure and Algorithms I,AD,324,324,Sun,Wed,01:51:PM - 03:10:PM,01:51:PM - 03:10:PM,Siana Rizwan,SnRn,3
BSCSE,CSE 2215,Data Structure and Algorithms I,AE,807,807,Sun,Wed,08:30:AM - 09:50:AM,08:30:AM - 09:50:AM,Siana Rizwan,SnRn,3
BSCSE,CSE 2215,Data Structure and Algorithms I,E,309,309,Sat,Tue,01:51:PM - 03:10:PM,01:51:PM - 03:10:PM,Mr. Md Siam,TBA,3
BSCSE,CSE 2215,Data Structure and Algorithms I,F,322,322,Sat,Tue,08:30:AM - 09:50:AM,08:30:AM - 09:50:AM,Mr. Md Siam,TBA,3
BSCSE,CSE 2215,Data Structure and Algorithms I,G,807,807,Sat,Tue,09:51:AM - 11:10:AM,09:51:AM - 11:10:AM,Md. Irfanur Rahman Rafio,IRR,3
BSCSE,CSE 2215,Data Structure and Algorithms I,H,323,323,Sat,Tue,11:11:AM - 12:30:PM,11:11:AM - 12:30:PM,Md. Sajjad Hossain,MSdHn,3
BSCSE,CSE 2215,Data Structure and Algorithms I,I,323,323,Sat,Tue,12:31:PM - 01:50:PM,12:31:PM - 01:50:PM,Hafijul Hoque Chowdhury,HHCh,3
BSCSE,CSE 2215,Data Structure and Algorithms I,J,322,322,Sat,Tue,01:51:PM - 03:10:PM,01:51:PM - 03:10:PM,Md. Irfanur Rahman Rafio,IRR,3
BSCSE,CSE 2215,Data Structure and Algorithms I,K,323,323,Sat,Tue,08:30:AM - 09:50:AM,08:30:AM - 09:50:AM,Pranta Biswas,PB,3
BSCSE,CSE 2215,Data Structure and Algorithms I,L,808,808,Sat,Tue,09:51:AM - 11:10:AM,09:51:AM - 11:10:AM,Fairoz Anika,FzAn,3
BSCSE,CSE 2215,Data Structure and Algorithms I,M,324,324,Sat,Tue,11:11:AM - 12:30:PM,11:11:AM - 12:30:PM,Siana Rizwan,SnRn,3
BSCSE,CSE 2215,Data Structure and Algorithms I,N,324,324,Sat,Tue,12:31:PM - 01:50:PM,12:31:PM - 01:50:PM,Azizur Rahman Anik,ARnA,3
BSCSE,CSE 2215,Data Structure and Algorithms I,O,323,323,Sat,Tue,01:51:PM - 03:10:PM,01:51:PM - 03:10:PM,Pranta Biswas,PB,3
BSCSE,CSE 2215,Data Structure and Algorithms I,Q,309,309,Sun,Wed,09:51:AM - 11:10:AM,09:51:AM - 11:10:AM,Rubaiya Rahtin Khan,RRK,3
BSCSE,CSE 2215,Data Structure and Algorithms I,S,307,307,Sun,Wed,12:31:PM - 01:50:PM,12:31:PM - 01:50:PM,Rubaiya Rahtin Khan,RRK,3
BSCSE,CSE 2215,Data Structure and Algorithms I,R,322,322,Sun,Wed,11:11:AM - 12:30:PM,11:11:AM - 12:30:PM,Rakib Kibria,RKb,3
BSCSE,CSE 2215,Data Structure and Algorithms I,T,322,322,Sun,Wed,01:51:PM - 03:10:PM,01:51:PM - 03:10:PM,Rakib Kibria,RKb,3
BSCSE,CSE 2215,Data Structure and Algorithms I,U,324,324,Sun,Wed,08:30:AM - 09:50:AM,08:30:AM - 09:50:AM,Rakib Kibria,RKb,3
BSCSE,CSE 2215,Data Structure and Algorithms I,W,323,323,Sun,Wed,11:11:AM - 12:30:PM,11:11:AM - 12:30:PM,Abu Bakar Fahad,ABF,3
BSCSE,CSE 2215,Data Structure and Algorithms I,X (If Required),308,308,Sun,Wed,12:31:PM - 01:50:PM,12:31:PM - 01:50:PM,,,3
BSCSE,CSE 2215,Data Structure and Algorithms I,Y,323,323,Sun,Wed,01:51:PM - 03:10:PM,01:51:PM - 03:10:PM,Md. Tarek Hasan,MdTH,3
BSCSE,CSE 2215,Data Structure and Algorithms I,Z,325,325,Sun,Wed,08:30:AM - 09:50:AM,08:30:AM - 09:50:AM,Md. Tarek Hasan,MdTH,3
BSCSE,CSE 2215,Data Structure and Algorithms I,P,323,323,Sun,Wed,08:30:AM - 09:50:AM,08:30:AM - 09:50:AM,Mohammad Nurul Huda,MNH,3
BSCSE,CSE 2216,Data Structure and Algorithms I Laboratory,V,522 (Computer Lab),,Tue,,08:30:AM - 11:00:AM, - ,Raiyan Janik Monir,RJM,1
BSCSE,CSE 2216,Data Structure and Algorithms I Laboratory,A,424 (Computer Lab),,Sat,,08:30:AM - 11:00:AM, - ,Siana Rizwan,SnRn,1
BSCSE,CSE 2216,Data Structure and Algorithms I Laboratory,AA,423 (Computer Lab),,Wed,,02:00:PM - 04:30:PM, - ,Pranta Biswas,PB,1
BSCSE,CSE 2216,Data Structure and Algorithms I Laboratory,AB,523 (Computer Lab),,Wed,,08:30:AM - 11:00:AM, - ,Md. Mushfiqul Haque Omi,MHO,1
BSCSE,CSE 2216,Data Structure and Algorithms I Laboratory,AC,523 (Computer Lab),,Sat,,11:11:AM - 01:40:PM, - ,Raiyan Janik Monir,RJM,1
BSCSE,CSE 2216,Data Structure and Algorithms I Laboratory,AD,424 (Computer Lab),,Wed,,02:00:PM - 04:30:PM, - ,Raiyan Janik Monir,RJM,1
BSCSE,CSE 2216,Data Structure and Algorithms I Laboratory,AE,528 (Computer Lab),,Wed,,08:30:AM - 11:00:AM, - ,Hafijul Hoque Chowdhury,HHCh,1
BSCSE,CSE 2216,Data Structure and Algorithms I Laboratory,AF,327 (Computer Lab),,Sat,,02:00:PM - 04:30:PM, - ,Md. Tarek Hasan,MdTH,1
BSCSE,CSE 2216,Data Structure and Algorithms I Laboratory,AG,426 (Computer Lab),,Wed,,02:00:PM - 04:30:PM, - ,Abu Bakar Fahad,ABF,1
BSCSE,CSE 2216,Data Structure and Algorithms I Laboratory,AH,422 (Computer Lab),,Sat,,02:00:PM - 04:30:PM, - ,Abu Bakar Fahad,ABF,1
BSCSE,CSE 2216,Data Structure and Algorithms I Laboratory,B,426 (Computer Lab),,Sat,,11:11:AM - 01:40:PM, - ,Rakib Kibria,RKb,1
BSCSE,CSE 2216,Data Structure and Algorithms I Laboratory,C,426 (Computer Lab),,Sat,,08:30:AM - 11:00:AM, - ,Asif Ahmed Utsa,AAU,1
BSCSE,CSE 2216,Data Structure and Algorithms I Laboratory,D,427 (Computer Lab),,Sat,,11:11:AM - 01:40:PM, - ,Shekh. Md. Saifur Rahman,SMSR,1
BSCSE,CSE 2216,Data Structure and Algorithms I Laboratory,E,427 (Computer Lab),,Sat,,08:30:AM - 11:00:AM, - ,Sahid Hossain Mustakim,SHMm,1
BSCSE,CSE 2216,Data Structure and Algorithms I Laboratory,F,926 (Computer Lab),,Wed,,11:11:AM - 01:40:PM, - ,Asif Abrar,AsAr,1
BSCSE,CSE 2216,Data Structure and Algorithms I Laboratory,G,426 (Computer Lab),,Tue,,08:30:AM - 11:00:AM, - ,Hafijul Hoque Chowdhury,HHCh,1
BSCSE,CSE 2216,Data Structure and Algorithms I Laboratory,H,422 (Computer Lab),,Wed,,02:00:PM - 04:30:PM, - ,Md. Irfanur Rahman Rafio,IRR,1
BSCSE,CSE 2216,Data Structure and Algorithms I Laboratory,I,422 (Computer Lab),,Sun,,02:00:PM - 04:30:PM, - ,Md. Mushfiqul Haque Omi,MHO,1
BSCSE,CSE 2216,Data Structure and Algorithms I Laboratory,J,427 (Computer Lab),,Sun,,08:30:AM - 11:00:AM, - ,Md. Rahad Khan,RaK,1
BSCSE,CSE 2216,Data Structure and Algorithms I Laboratory,K,926 (Computer Lab),,Sun,,11:11:AM - 01:40:PM, - ,Asif Abrar,AsAr,1
BSCSE,CSE 2216,Data Structure and Algorithms I Laboratory,M,522 (Computer Lab),,Sun,,08:30:AM - 11:00:AM, - ,Md. Enamul Haque,MEHq,1
BSCSE,CSE 2216,Data Structure and Algorithms I Laboratory,N,427 (Computer Lab),,Sun,,11:11:AM - 01:40:PM, - ,Md. Irfanur Rahman Rafio,IRR,1
BSCSE,CSE 2216,Data Structure and Algorithms I Laboratory,O,424 (Computer Lab),,Sun,,02:00:PM - 04:30:PM, - ,Pranta Biswas,PB,1
BSCSE,CSE 2216,Data Structure and Algorithms I Laboratory,P,926 (Computer Lab),,Sun,,02:00:PM - 04:30:PM, - ,Abu Bakar Fahad,ABF,1
BSCSE,CSE 2216,Data Structure and Algorithms I Laboratory,Q,927 (Computer Lab),,Tue,,08:30:AM - 11:00:AM, - ,Md. Shadman Aadeeb,MdShA,1
BSCSE,CSE 2216,Data Structure and Algorithms I Laboratory,L,423 (Computer Lab),,Sun,,02:00:PM - 04:30:PM, - ,Mr. Md Siam,TBA,1
BSCSE,CSE 2216,Data Structure and Algorithms I Laboratory,R,424 (Computer Lab),,Tue,,02:00:PM - 04:30:PM, - ,Md. Shadman Aadeeb,MdShA,1
BSCSE,CSE 2216,Data Structure and Algorithms I Laboratory,S,427 (Computer Lab),,Tue,,08:30:AM - 11:00:AM, - ,Asif Ahmed Utsa,AAU,1
BSCSE,CSE 2216,Data Structure and Algorithms I Laboratory,T,326 (Computer Lab),,Sat,,02:00:PM - 04:30:PM, - ,Sajid Ahmed Chowdhury,SdACh,1
BSCSE,CSE 2216,Data Structure and Algorithms I Laboratory,U,927 (Computer Lab),,Tue,,02:00:PM - 04:30:PM, - ,Siana Rizwan,SnRn,1
BSCSE,CSE 2216,Data Structure and Algorithms I Laboratory,W,522 (Computer Lab),,Tue,,11:11:AM - 01:40:PM, - ,Rakib Kibria,RKb,1
BSCSE,CSE 2216,Data Structure and Algorithms I Laboratory,X,427 (Computer Lab),,Tue,,02:00:PM - 04:30:PM, - ,Sajid Ahmed Chowdhury,SdACh,1
BSCSE,CSE 2216,Data Structure and Algorithms I Laboratory,Y,522 (Computer Lab),,Wed,,08:30:AM - 11:00:AM, - ,Md. Rahad Khan,RaK,1
BSCSE,CSE 2216,Data Structure and Algorithms I Laboratory,Z,522 (Computer Lab),,Wed,,11:11:AM - 01:40:PM, - ,Mr. Md Siam,TBA,1
BSCSE,CSE 2217,Data Structure and Algorithms II,A,324,324,Sat,Tue,08:30:AM - 09:50:AM,08:30:AM - 09:50:AM,Umama Rahman,UR,3
BSCSE,CSE 2217,Data Structure and Algorithms II,B,330,330,Sat,Tue,09:51:AM - 11:10:AM,09:51:AM - 11:10:AM,Mohammad Mirazur Rahman,MdMrRn,3
BSCSE,CSE 2217,Data Structure and Algorithms II,C,807,807,Sat,Tue,11:11:AM - 12:30:PM,11:11:AM - 12:30:PM,Tahmid Mosaddeque,TaMo,3
BSCSE,CSE 2217,Data Structure and Algorithms II,D,325,325,Sat,Tue,12:31:PM - 01:50:PM,12:31:PM - 01:50:PM,Sayem Shahad,SmSd,3
BSCSE,CSE 2217,Data Structure and Algorithms II,E,324,324,Sat,Tue,01:51:PM - 03:10:PM,01:51:PM - 03:10:PM,Mohammad Mirazur Rahman,MdMrRn,3
BSCSE,CSE 2217,Data Structure and Algorithms II,F,808,808,Sun,Wed,08:30:AM - 09:50:AM,08:30:AM - 09:50:AM,Mr. Md Siam,TBA,3
BSCSE,CSE 2217,Data Structure and Algorithms II,G,324,324,Sun,Wed,09:51:AM - 11:10:AM,09:51:AM - 11:10:AM,Pranta Biswas,PB,3
BSCSE,CSE 2217,Data Structure and Algorithms II,H,325,325,Sun,Wed,11:11:AM - 12:30:PM,11:11:AM - 12:30:PM,Umama Rahman,UR,3
BSCSE,CSE 2217,Data Structure and Algorithms II,I,322,322,Sun,Wed,12:31:PM - 01:50:PM,12:31:PM - 01:50:PM,Rakibul Hasan Rafi,RaHR,3
BSCSE,CSE 2217,Data Structure and Algorithms II,J,325,325,Sun,Wed,01:51:PM - 03:10:PM,01:51:PM - 03:10:PM,Asif Ahmed Utsa,AAU,3
BSCSE,CSE 2217,Data Structure and Algorithms II,K,323,323,Sun,Wed,03:11:PM - 04:30:PM,03:11:PM - 04:30:PM,Umama Rahman,UR,3
BSCSE,CSE 2217,Data Structure and Algorithms II,L,324,324,Sun,Wed,03:11:PM - 04:30:PM,03:11:PM - 04:30:PM,Charles Aunkan Gomes,CAG,3
BSCSE,CSE 2218,Data Structure and Algorithms II Laboratory,A,326 (Computer Lab),,Sat,,08:30:AM - 11:00:AM, - ,Md. Muhyminul Haque,MdMH,1
BSCSE,CSE 2218,Data Structure and Algorithms II Laboratory,B,528 (Computer Lab),,Sat,,11:11:AM - 01:40:PM, - ,Humaira Anzum Neha,HAN,1
BSCSE,CSE 2218,Data Structure and Algorithms II Laboratory,C,523 (Computer Lab),,Sun,,08:30:AM - 11:00:AM, - ,Tahmid Mosaddeque,TaMo,1
BSCSE,CSE 2218,Data Structure and Algorithms II Laboratory,D,523 (Computer Lab),,Sun,,11:11:AM - 01:40:PM, - ,S M Jishanul Islam,SMJI,1
BSCSE,CSE 2218,Data Structure and Algorithms II Laboratory,E,426 (Computer Lab),,Sun,,02:00:PM - 04:30:PM, - ,Jerin Hasan Priya,JHP,1
BSCSE,CSE 2218,Data Structure and Algorithms II Laboratory,F,326 (Computer Lab),,Tue,,08:30:AM - 11:00:AM, - ,Md. Muhyminul Haque,MdMH,1
BSCSE,CSE 2218,Data Structure and Algorithms II Laboratory,G,523 (Computer Lab),,Tue,,11:11:AM - 01:40:PM, - ,Umama Rahman,UR,1
BSCSE,CSE 2218,Data Structure and Algorithms II Laboratory,H,523 (Computer Lab),,Tue,,02:00:PM - 04:30:PM, - ,Humaira Anzum Neha,HAN,1
BSCSE,CSE 2218,Data Structure and Algorithms II Laboratory,I,529 (Computer Lab),,Wed,,08:30:AM - 11:00:AM, - ,Miftahul Sheikh,MfSh,1
BSCSE,CSE 2218,Data Structure and Algorithms II Laboratory,J,523 (Computer Lab),,Wed,,11:11:AM - 01:40:PM, - ,Tahmid Mosaddeque,TaMo,1
BSCSE,CSE 2218,Data Structure and Algorithms II Laboratory,K,427 (Computer Lab),,Wed,,02:00:PM - 04:30:PM, - ,Shahil Yasar Haque,SYH,1
BSCSE,CSE 2218,Data Structure and Algorithms II Laboratory,L,529 (Computer Lab),,Sat,,11:11:AM - 01:40:PM, - ,S M Jishanul Islam,SMJI,1
BSCSE,CSE 2218,Data Structure and Algorithms II Laboratory,M,423 (Computer Lab),,Sat,,02:00:PM - 04:30:PM, - ,A.H.M. Osama Haque,AHMOH,1
BSCSE,CSE 2218,Data Structure and Algorithms II Laboratory,N,528 (Computer Lab),,Tue,,02:00:PM - 04:30:PM, - ,Jerin Hasan Priya,JHP,1
BSCSE,CSE 2218,Data Structure and Algorithms II Laboratory,O,522 (Computer Lab),,Wed,,02:00:PM - 04:30:PM, - ,Jerin Hasan Priya,JHP,1
BSCSE,CSE 2233,Theory of Computation,A,325,325,Sat,Tue,08:30:AM - 09:50:AM,08:30:AM - 09:50:AM,Minhajul Bashir,MiBa,3
BSCSE,CSE 2233,Theory of Computation,B,401,401,Sat,Tue,09:51:AM - 11:10:AM,09:51:AM - 11:10:AM,Nabila Sabrin Sworna,NSS,3
BSCSE,CSE 2233,Theory of Computation,C,808,808,Sat,Tue,11:11:AM - 12:30:PM,11:11:AM - 12:30:PM,Minhajul Bashir,MiBa,3
BSCSE,CSE 2233,Theory of Computation,D,325,325,Sat,Tue,01:51:PM - 03:10:PM,01:51:PM - 03:10:PM,Asif Ahmed Utsa,AAU,3
BSCSE,CSE 2233,Theory of Computation,E,325,325,Sun,Wed,09:51:AM - 11:10:AM,09:51:AM - 11:10:AM,Asif Ahmed Utsa,AAU,3
BSCSE,CSE 2233,Theory of Computation,F,807,807,Sun,Wed,11:11:AM - 12:30:PM,11:11:AM - 12:30:PM,Rizvan Jawad Ruhan,RJR,3
BSCSE,CSE 2233,Theory of Computation,G,807,807,Sun,Wed,01:51:PM - 03:10:PM,01:51:PM - 03:10:PM,Nabila Sabrin Sworna,NSS,3
BSCSE,CSE 2233,Theory of Computation,H,325,325,Sun,Wed,03:11:PM - 04:30:PM,03:11:PM - 04:30:PM,Nabila Sabrin Sworna,NSS,3
BSCSE,CSE 3313,Computer Architecture,A,402,402,Sat,Tue,09:51:AM - 11:10:AM,09:51:AM - 11:10:AM,Humaira Anzum Neha,HAN,3
BSCSE,CSE 3313,Computer Architecture,B,330,330,Sat,Tue,11:11:AM - 12:30:PM,11:11:AM - 12:30:PM,Shoib Ahmed Shourav,SAhSh,3
BSCSE,CSE 3313,Computer Architecture,C,807,807,Sat,Tue,12:31:PM - 01:50:PM,12:31:PM - 01:50:PM,Shoib Ahmed Shourav,SAhSh,3
BSCSE,CSE 3313,Computer Architecture,D,807,807,Sat,Tue,01:51:PM - 03:10:PM,01:51:PM - 03:10:PM,Shoib Ahmed Shourav,SAhSh,3
BSCSE,CSE 3313,Computer Architecture,E,807,807,Sat,Tue,08:30:AM - 09:50:AM,08:30:AM - 09:50:AM,Tahsin Wahid,TW,3
BSCSE,CSE 3313,Computer Architecture,F,807,807,Sun,Wed,09:51:AM - 11:10:AM,09:51:AM - 11:10:AM,Shoib Ahmed Shourav,SAhSh,3
BSCSE,CSE 3313,Computer Architecture,G,808,808,Sun,Wed,11:11:AM - 12:30:PM,11:11:AM - 12:30:PM,Humaira Anzum Neha,HAN,3
BSCSE,CSE 3313,Computer Architecture,H,323,323,Sun,Wed,12:31:PM - 01:50:PM,12:31:PM - 01:50:PM,Sidratul Tanzila Tasmi,STT,3
BSCSE,CSE 3313,Computer Architecture,I,808,808,Sun,Wed,01:51:PM - 03:10:PM,01:51:PM - 03:10:PM,Sidratul Tanzila Tasmi,STT,3
BSCSE,CSE 3313,Computer Architecture,J,807,807,Sun,Wed,03:11:PM - 04:30:PM,03:11:PM - 04:30:PM,Humaira Anzum Neha,HAN,3
BSCSE,CSE 3411,System Analysis and Design,A,808,808,Sat,Tue,08:30:AM - 09:50:AM,08:30:AM - 09:50:AM,Sidratul Muntaha,SiMa,3
BSCSE,CSE 3411,System Analysis and Design,B,403,403,Sat,Tue,09:51:AM - 11:10:AM,09:51:AM - 11:10:AM,Tasmin Sanjida,TaSa,3
BSCSE,CSE 3411,System Analysis and Design,C,401,401,Sat,Tue,11:11:AM - 12:30:PM,11:11:AM - 12:30:PM,Tahsin Wahid,TW,3
BSCSE,CSE 3411,System Analysis and Design,D,808,808,Sat,Tue,12:31:PM - 01:50:PM,12:31:PM - 01:50:PM,Tasmin Sanjida,TaSa,3
BSCSE,CSE 3411,System Analysis and Design,E,808,808,Sat,Tue,01:51:PM - 03:10:PM,01:51:PM - 03:10:PM,Tasmin Sanjida,TaSa,3
BSCSE,CSE 3411,System Analysis and Design,F,330,330,Sun,Wed,08:30:AM - 09:50:AM,08:30:AM - 09:50:AM,Sidratul Muntaha,SiMa,3
BSCSE,CSE 3411,System Analysis and Design,G,808,808,Sun,Wed,09:51:AM - 11:10:AM,09:51:AM - 11:10:AM,Nusaiba Zaman Manifa,NZMa,3
BSCSE,CSE 3411,System Analysis and Design,H,330,330,Sun,Wed,11:11:AM - 12:30:PM,11:11:AM - 12:30:PM,Md. Romizul Islam,MdRIm,3
BSCSE,CSE 3411,System Analysis and Design,I,324,324,Sun,Wed,12:31:PM - 01:50:PM,12:31:PM - 01:50:PM,Suman Ahmmed,SA,3
BSCSE,CSE 3411,System Analysis and Design,J,330,330,Sun,Wed,01:51:PM - 03:10:PM,01:51:PM - 03:10:PM,Nusaiba Zaman Manifa,NZMa,3
BSCSE,CSE 3411,System Analysis and Design,K,808,808,Sun,Wed,03:11:PM - 04:30:PM,03:11:PM - 04:30:PM,Farhan Anan Himu,FAH,3
BSCSE,CSE 3411,System Analysis and Design,L,330,330,Sun,Wed,03:11:PM - 04:30:PM,03:11:PM - 04:30:PM,Tasmin Sanjida,TaSa,3
BSCSE,CSE 3412,System Analysis and Design Laboratory,A,523 (Computer Lab),,Sat,,08:30:AM - 11:00:AM, - ,Md. Mainul Islam,MMaIm,1
BSCSE,CSE 3412,System Analysis and Design Laboratory,B,530 (Computer Lab),,Sat,,11:11:AM - 01:40:PM, - ,Mohammed Jawwadul Islam,MJIm,1
BSCSE,CSE 3412,System Analysis and Design Laboratory,C,528 (Computer Lab),,Sun,,08:30:AM - 11:00:AM, - ,Tasmin Sanjida,TaSa,1
BSCSE,CSE 3412,System Analysis and Design Laboratory,H,528 (Computer Lab),,Tue,,08:30:AM - 11:10:AM, - ,Md. Romizul Islam,MdRIm,1
BSCSE,CSE 3412,System Analysis and Design Laboratory,I,528 (Computer Lab),,Tue,,11:11:AM - 01:40:PM, - ,Jerin Hasan Priya,JHP,1
BSCSE,CSE 3412,System Analysis and Design Laboratory,J,529 (Computer Lab),,Tue,,02:00:PM - 04:30:PM, - ,Nusaiba Zaman Manifa,NZMa,1
BSCSE,CSE 3412,System Analysis and Design Laboratory,K,427 (Computer Lab),,Sat,,02:00:PM - 04:30:PM, - ,Tahsin Wahid,TW,1
BSCSE,CSE 3412,System Analysis and Design Laboratory,L,530 (Computer Lab),,Tue,,02:00:PM - 04:30:PM, - ,Tahsin Wahid,TW,1
BSCSE,CSE 3412,System Analysis and Design Laboratory,M,530 (Computer Lab),,Wed,,08:30:AM - 11:00:AM, - ,Tasmin Sanjida,TaSa,1
BSCSE,CSE 3412,System Analysis and Design Laboratory,N,528 (Computer Lab),,Wed,,11:11:AM - 01:40:PM, - ,Sidratul Muntaha,SiMa,1
BSCSE,CSE 3412,System Analysis and Design Laboratory,O,523 (Computer Lab),,Wed,,02:00:PM - 04:30:PM, - ,Md. Nafis Tahmid Akhand,MNTA,1
BSCSE,CSE 3412,System Analysis and Design Laboratory,P,626 (Computer Lab),,Wed,,08:30:AM - 11:00:AM, - ,Md. Nafis Tahmid Akhand,MNTA,1
BSCSE,CSE 3412,System Analysis and Design Laboratory,Q,528 (Computer Lab),,Wed,,02:00:PM - 04:30:PM, - ,Rizvan Jawad Ruhan,RJR,1
BSCSE,CSE 3412,System Analysis and Design Laboratory,F,627 (Computer Lab),,Sat,,02:00:PM - 04:30:PM, - ,Didarul Islam Didar,DID,1
BSCSE,CSE 3412,System Analysis and Design Laboratory,E,427 (Computer Lab),,Sun,,02:00:PM - 04:30:PM, - ,Rizvan Jawad Ruhan,RJR,1
BSCSE,CSE 3412,System Analysis and Design Laboratory,D,528 (Computer Lab),,Sun,,11:11:AM - 01:40:PM, - ,Sidratul Muntaha,SiMa,1
BSCSE,CSE 3412,System Analysis and Design Laboratory,G,426 (Computer Lab),,Sat,,02:00:PM - 04:30:PM, - ,Nusaiba Zaman Manifa,NZMa,1
BSCSE,CSE 3421,Software Engineering,H,325,325,Sun,Wed,12:31:PM - 01:50:PM,12:31:PM - 01:50:PM,Didarul Islam Didar,DID,3
BSCSE,CSE 3421,Software Engineering,F,330,330,Sun,Wed,09:51:AM - 11:10:AM,09:51:AM - 11:10:AM,Didarul Islam Didar,DID,3
BSCSE,CSE 3421,Software Engineering,G,401,401,Sun,Wed,11:11:AM - 12:30:PM,11:11:AM - 12:30:PM,Md. Muhaiminul Islam Nafi,MMIN,3
BSCSE,CSE 3421,Software Engineering,J,401,401,Sun,Wed,03:11:PM - 04:30:PM,03:11:PM - 04:30:PM,Md. Muhaiminul Islam Nafi,MMIN,3
BSCSE,CSE 3421,Software Engineering,A,330,330,Sat,Tue,08:30:AM - 09:50:AM,08:30:AM - 09:50:AM,Samin Sharaf Somik,SSSk,3
BSCSE,CSE 3421,Software Engineering,B,402,402,Sat,Tue,11:11:AM - 12:30:PM,11:11:AM - 12:30:PM,Samin Sharaf Somik,SSSk,3
BSCSE,CSE 3421,Software Engineering,C,330,330,Sat,Tue,12:31:PM - 01:50:PM,12:31:PM - 01:50:PM,Md. Muhaiminul Islam Nafi,MMIN,3
BSCSE,CSE 3421,Software Engineering,D,330,330,Sat,Tue,01:51:PM - 03:10:PM,01:51:PM - 03:10:PM,Samin Sharaf Somik,SSSk,3
BSCSE,CSE 3421,Software Engineering,E,401,401,Sun,Wed,08:30:AM - 09:50:AM,08:30:AM - 09:50:AM,Samin Sharaf Somik,SSSk,3
BSCSE,CSE 3421,Software Engineering,I,401,401,Sun,Wed,01:51:PM - 03:10:PM,01:51:PM - 03:10:PM,Didarul Islam Didar,DID,3
BSCSE,CSE 3422,Software Engineering Laboratory,A,626 (Computer Lab),,Sat,,11:11:AM - 01:40:PM, - ,Sabber Ahmed,SrAd,1
BSCSE,CSE 3422,Software Engineering Laboratory,B,522 (Computer Lab),,Sat,,02:00:PM - 04:30:PM, - ,Saifullah Mahbub,SaMb,1
BSCSE,CSE 3422,Software Engineering Laboratory,C,529 (Computer Lab),,Sun,,11:11:AM - 01:40:PM, - ,Sajjad Ahmed,SdAh,1
BSCSE,CSE 3422,Software Engineering Laboratory,D,522 (Computer Lab),,Sun,,02:00:PM - 04:30:PM, - ,Samin Sharaf Somik,SSSk,1
BSCSE,CSE 3422,Software Engineering Laboratory,E,926 (Computer Lab),,Sat,,08:30:AM - 11:00:AM, - ,Arefeen Rahman Niloy,ARNy,1
BSCSE,CSE 3422,Software Engineering Laboratory,F,826 (Computer Lab),,Tue,,11:11:AM - 01:40:PM, - ,Didarul Islam Didar,DID,1
BSCSE,CSE 3422,Software Engineering Laboratory,G,926 (Computer Lab),,Tue,,02:00:PM - 04:30:PM, - ,S M Jishanul Islam,SMJI,1
BSCSE,CSE 3422,Software Engineering Laboratory,H,726 (Computer Lab),,Wed,,08:30:AM - 11:00:AM, - ,S M Jishanul Islam,SMJI,1
BSCSE,CSE 3422,Software Engineering Laboratory,I,826 (Computer Lab),,Wed,,11:11:AM - 01:40:PM, - ,Samin Sharaf Somik,SSSk,1
BSCSE,CSE 3422,Software Engineering Laboratory,J,926 (Computer Lab),,Wed,,02:00:PM - 04:30:PM, - ,S M Jishanul Islam,SMJI,1
BSCSE,CSE 3521,Database Management Systems,A,401,401,Sat,Tue,08:30:AM - 09:50:AM,08:30:AM - 09:50:AM,Mohammad Johirul Islam,MdJI,3
BSCSE,CSE 3521,Database Management Systems,B,404,404,Sat,Tue,09:51:AM - 11:10:AM,09:51:AM - 11:10:AM,Tanmoy Bipro Das,TBD,3
BSCSE,CSE 3521,Database Management Systems,C,403,403,Sat,Tue,11:11:AM - 12:30:PM,11:11:AM - 12:30:PM,Abrar Mahmud,ArMd,3
BSCSE,CSE 3521,Database Management Systems,D,402,402,Sat,Tue,12:31:PM - 01:50:PM,12:31:PM - 01:50:PM,Md. Enamul Haque,MEHq,3
BSCSE,CSE 3521,Database Management Systems,P,403,403,Sun,Wed,01:51:PM - 03:10:PM,01:51:PM - 03:10:PM,Md. Enamul Haque,MEHq,3
BSCSE,CSE 3521,Database Management Systems,E,401,401,Sat,Tue,01:51:PM - 03:10:PM,01:51:PM - 03:10:PM,Sayem Shahad,SmSd,3
BSCSE,CSE 3521,Database Management Systems,F,404,404,Sat,Tue,11:11:AM - 12:30:PM,11:11:AM - 12:30:PM,Md. Muhaiminul Islam Nafi,MMIN,3
BSCSE,CSE 3521,Database Management Systems,G,402,402,Sat,Tue,01:51:PM - 03:10:PM,01:51:PM - 03:10:PM,Farhan Anan Himu,FAH,3
BSCSE,CSE 3521,Database Management Systems,H,402,402,Sun,Wed,08:30:AM - 09:50:AM,08:30:AM - 09:50:AM,Abrar Mahmud,ArMd,3
BSCSE,CSE 3521,Database Management Systems,I,401,401,Sun,Wed,09:51:AM - 11:10:AM,09:51:AM - 11:10:AM,Mobaswirul Islam,MoIsm,3
BSCSE,CSE 3521,Database Management Systems,J,403,403,Sun,Wed,11:11:AM - 12:30:PM,11:11:AM - 12:30:PM,Abrar Mahmud,ArMd,3
BSCSE,CSE 3521,Database Management Systems,L,402,402,Sun,Wed,01:51:PM - 03:10:PM,01:51:PM - 03:10:PM,Sadia Islam,SaIs,3
BSCSE,CSE 3521,Database Management Systems,M,402,402,Sun,Wed,03:11:PM - 04:30:PM,03:11:PM - 04:30:PM,Shahriar Mahmud,ShMd,3
BSCSE,CSE 3521,Database Management Systems,N,403,403,Sun,Wed,08:30:AM - 09:50:AM,08:30:AM - 09:50:AM,Humaira Anzum Neha,HAN,3
BSCSE,CSE 3521,Database Management Systems,O,404,404,Sun,Wed,11:11:AM - 12:30:PM,11:11:AM - 12:30:PM,Md. Shafqat Talukder,MSTR,3
BSCSE,CSE 3521,Database Management Systems,Q,403,403,Sun,Wed,03:11:PM - 04:30:PM,03:11:PM - 04:30:PM,Sayem Shahad,SmSd,3
BSCSE,CSE 3522,Database Management Systems Laboratory,L,528 (Computer Lab),,Sat,,02:00:PM - 04:30:PM, - ,Jerin Hasan Priya,JHP,1
BSCSE,CSE 3522,Database Management Systems Laboratory,M,530 (Computer Lab),,Tue,,11:11:AM - 01:40:PM, - ,Mahmudul Hasan,MahHsn,1
BSCSE,CSE 3522,Database Management Systems Laboratory,N,727 (Computer Lab),,Wed,,08:30:AM - 11:00:AM, - ,Sayem Shahad,SmSd,1
BSCSE,CSE 3522,Database Management Systems Laboratory,O,529 (Computer Lab),,Wed,,11:11:AM - 01:40:PM, - ,Md. Enamul Haque,MEHq,1
BSCSE,CSE 3522,Database Management Systems Laboratory,P,529 (Computer Lab),,Wed,,02:00:PM - 04:30:PM, - ,Sabah Ahmed,SabAd,1
BSCSE,CSE 3522,Database Management Systems Laboratory,Q,529 (Computer Lab),,Sat,,02:00:PM - 04:30:PM, - ,Tahia Hossain,TaH,1
BSCSE,CSE 3522,Database Management Systems Laboratory,R,530 (Computer Lab),,Wed,,02:00:PM - 04:30:PM, - ,Tanmoy Bipro Das,TBD,1
BSCSE,CSE 3522,Database Management Systems Laboratory,K,530 (Computer Lab),,Tue,,08:30:AM - 11:00:AM, - ,Sabah Ahmed,SabAd,1
BSCSE,CSE 3522,Database Management Systems Laboratory,D,530 (Computer Lab),,Sun,,08:30:AM - 11:00:AM, - ,Sayem Shahad,SmSd,1
BSCSE,CSE 3522,Database Management Systems Laboratory,E,523 (Computer Lab),,Sat,,02:00:PM - 04:30:PM, - ,Khandokar Md. Rahat Hossain,KMRH,1
BSCSE,CSE 3522,Database Management Systems Laboratory,F,523 (Computer Lab),,Sun,,02:00:PM - 04:30:PM, - ,Tanmoy Bipro Das,TBD,1
BSCSE,CSE 3522,Database Management Systems Laboratory,G,530 (Computer Lab),,Sun,,11:11:AM - 01:40:PM, - ,Miftahul Sheikh,MfSh,1
BSCSE,CSE 3522,Database Management Systems Laboratory,H,528 (Computer Lab),,Sun,,02:00:PM - 04:30:PM, - ,Shahil Yasar Haque,SYH,1
BSCSE,CSE 3522,Database Management Systems Laboratory,I,529 (Computer Lab),,Tue,,08:30:AM - 11:00:AM, - ,Mahmudul Hasan,MahHsn,1
BSCSE,CSE 3522,Database Management Systems Laboratory,A,529 (Computer Lab),,Sat,,08:30:AM - 11:00:AM, - ,Saifullah Mahbub,SaMb,1
BSCSE,CSE 3522,Database Management Systems Laboratory,B,522 (Computer Lab),,Sat,,11:11:AM - 01:40:PM, - ,Mohammad Johirul Islam,MdJI,1
BSCSE,CSE 3522,Database Management Systems Laboratory,C,530 (Computer Lab),,Sat,,08:30:AM - 11:00:AM, - ,Sabber Ahmed,SrAd,1
BSCSE,CSE 3522,Database Management Systems Laboratory,J,529 (Computer Lab),,Tue,,11:11:AM - 01:40:PM, - ,Khandokar Md. Rahat Hossain,KMRH,1
BSCSE,CSE 3711,Computer Networks,H,403,403,Sat,Tue,01:51:PM - 03:10:PM,01:51:PM - 03:10:PM,Muhammad Nomani Kabir,MNK,3
BSCSE,CSE 3711,Computer Networks,I,404,404,Sun,Wed,01:51:PM - 03:10:PM,01:51:PM - 03:10:PM,Abdullah Ibne Masud Mahi,AIMM,3
BSCSE,CSE 3711,Computer Networks,A,402,402,Sat,Tue,08:30:AM - 09:50:AM,08:30:AM - 09:50:AM,Mohammad Mamun Elahi,ME,3
BSCSE,CSE 3711,Computer Networks,B,407,407,Sun,Wed,11:11:AM - 12:30:PM,11:11:AM - 12:30:PM,A.K.M. Muzahidul Islam,AKMMI,3
BSCSE,CSE 3711,Computer Networks,C,425,425,Sat,Tue,11:11:AM - 12:30:PM,11:11:AM - 12:30:PM,Mohammad Mamun Elahi,ME,3
BSCSE,CSE 3711,Computer Networks,D,404,404,Sat,Tue,08:30:AM - 09:50:AM,08:30:AM - 09:50:AM,Al-Sakib Khan Pathan,ASKP,3
BSCSE,CSE 3711,Computer Networks,E,403,403,Sat,Tue,12:31:PM - 01:50:PM,12:31:PM - 01:50:PM,Al-Sakib Khan Pathan,ASKP,3
BSCSE,CSE 3711,Computer Networks,F,808,808,Sun,Wed,12:31:PM - 01:50:PM,12:31:PM - 01:50:PM,A.K.M. Muzahidul Islam,AKMMI,3
BSCSE,CSE 3711,Computer Networks,G,425,425,Sat,Tue,09:51:AM - 11:10:AM,09:51:AM - 11:10:AM,Abdullah Ibne Masud Mahi,AIMM,3
BSCSE,CSE 3712,Computer Networks Laboratory,A,626 (Computer Lab),,Sun,,08:30:AM - 11:00:AM, - ,Azim Uddin Chowdhury,AUC,1
BSCSE,CSE 3712,Computer Networks Laboratory,B,626 (Computer Lab),,Sun,,11:11:AM - 01:40:PM, - ,Tahia Hossain,TaH,1
BSCSE,CSE 3712,Computer Networks Laboratory,C,530 (Computer Lab),,Sat,,02:00:PM - 04:30:PM, - ,Abdullah Ibne Masud Mahi,AIMM,1
BSCSE,CSE 3712,Computer Networks Laboratory,D,626 (Computer Lab),,Tue,,08:30:AM - 11:00:AM, - ,Tahia Hossain,TaH,1
BSCSE,CSE 3712,Computer Networks Laboratory,E,626 (Computer Lab),,Tue,,02:00:PM - 04:30:PM, - ,Tahia Hossain,TaH,1
BSCSE,CSE 3712,Computer Networks Laboratory,F,727 (Computer Lab),,Tue,,02:00:PM - 04:30:PM, - ,Abdullah Ibne Masud Mahi,AIMM,1
BSCSE,CSE 3712,Computer Networks Laboratory,G,826 (Computer Lab),,Wed,,08:30:AM - 11:00:AM, - ,Azim Uddin Chowdhury,AUC,1
BSCSE,CSE 3712,Computer Networks Laboratory,H,530 (Computer Lab),,Wed,,11:11:AM - 01:40:PM, - ,Tahia Hossain,TaH,1
BSCSE,CSE 3712,Computer Networks Laboratory,I,626 (Computer Lab),,Wed,,02:00:PM - 04:30:PM, - ,Sayeem Been Zaman,SBZ,1
BSCSE,CSE 3811,Artificial Intelligence,A,403,403,Sat,Tue,08:30:AM - 09:50:AM,08:30:AM - 09:50:AM,Shihab Ahmed,ShAhd,3
BSCSE,CSE 3811,Artificial Intelligence,B,428,428,Sat,Tue,09:51:AM - 11:10:AM,09:51:AM - 11:10:AM,Nahid Ferdous Aurna,NaFA,3
BSCSE,CSE 3811,Artificial Intelligence,C,407,407,Sun,Wed,08:30:AM - 09:50:AM,08:30:AM - 09:50:AM,Fairoz Anika,FzAn,3
BSCSE,CSE 3811,Artificial Intelligence,D,428,428,Sat,Tue,11:11:AM - 12:30:PM,11:11:AM - 12:30:PM,Shihab Ahmed,ShAhd,3
BSCSE,CSE 3811,Artificial Intelligence,E,431,431,Sat,Tue,11:11:AM - 12:30:PM,11:11:AM - 12:30:PM,Kazi Abdun Noor,KAN,3
BSCSE,CSE 3811,Artificial Intelligence,F,404,404,Sun,Wed,03:11:PM - 04:30:PM,03:11:PM - 04:30:PM,Nahid Ferdous Aurna,NaFA,3
BSCSE,CSE 3811,Artificial Intelligence,G,330,330,Sun,Wed,12:31:PM - 01:50:PM,12:31:PM - 01:50:PM,Nahid Ferdous Aurna,NaFA,3
BSCSE,CSE 3811,Artificial Intelligence,H,404,404,Sat,Tue,12:31:PM - 01:50:PM,12:31:PM - 01:50:PM,Nahid Ferdous Aurna,NaFA,3
BSCSE,CSE 3812,Artificial Intelligence Laboratory,A,727 (Computer Lab),,Sun,,08:30:AM - 11:00:AM, - ,Sajjad Ahmed,SdAh,1
BSCSE,CSE 3812,Artificial Intelligence Laboratory,B,727 (Computer Lab),,Sun,,11:11:AM - 01:40:PM, - ,Ashiqur Rahaman,AshRn,1
BSCSE,CSE 3812,Artificial Intelligence Laboratory,C,529 (Computer Lab),,Sun,,02:00:PM - 04:30:PM, - ,Ashiqur Rahaman,AshRn,1
BSCSE,CSE 3812,Artificial Intelligence Laboratory,D,727 (Computer Lab),,Tue,,08:30:AM - 11:00:AM, - ,Shekh. Md. Saifur Rahman,SMSR,1
BSCSE,CSE 3812,Artificial Intelligence Laboratory,E,626 (Computer Lab),,Tue,,11:11:AM - 01:40:PM, - ,Fairoz Anika,FzAn,1
BSCSE,CSE 3812,Artificial Intelligence Laboratory,F,826 (Computer Lab),,Tue,,02:00:PM - 04:30:PM, - ,A.H.M. Osama Haque,AHMOH,1
BSCSE,CSE 3812,Artificial Intelligence Laboratory,G,626 (Computer Lab),,Wed,,11:11:AM - 01:40:PM, - ,Fairoz Anika,FzAn,1
BSCSE,CSE 3812,Artificial Intelligence Laboratory,H,727 (Computer Lab),,Wed,,02:00:PM - 04:30:PM, - ,Shihab Ahmed,ShAhd,1
BSCSE,CSE 4000A,Final Year Design Project - I,A,927 (Computer Lab),,Sat,,08:30:AM - 11:00:AM, - ,A.K.M. Muzahidul Islam,AKMMI,2
BSCSE,CSE 4000A,Final Year Design Project - I,B,827 (Computer Lab),,Sat,,11:11:AM - 01:40:PM, - ,Mohammad Shahriar Rahman,MdSR,2
BSCSE,CSE 4000A,Final Year Design Project - I,C,927 (Computer Lab),,Sun,,08:30:AM - 11:00:AM, - ,Muhammad Nomani Kabir,MNK,2
BSCSE,CSE 4000A,Final Year Design Project - I,D,826 (Computer Lab),,Sun,,11:11:AM - 01:40:PM, - ,Mohammad Nurul Huda,MNH,2
BSCSE,CSE 4000A,Final Year Design Project - I,E,727 (Computer Lab),,Sun,,02:00:PM - 04:30:PM, - ,Riasat Azim,RtAm,2
BSCSE,CSE 4000A,Final Year Design Project - I,F,926 (Computer Lab),,Tue,,08:30:AM - 11:00:AM, - ,Jannatun Noor Mukta,JNM,2
BSCSE,CSE 4000A,Final Year Design Project - I,G,926 (Computer Lab),,Tue,,11:11:AM - 01:40:PM, - ,Hasan Sarwar,HS,2
BSCSE,CSE 4000A,Final Year Design Project - I,H,926 (Computer Lab),,Wed,,08:30:AM - 11:00:AM, - ,Al-Sakib Khan Pathan,ASKP,2
BSCSE,CSE 4000A,Final Year Design Project - I,I,827 (Computer Lab),,Wed,,11:11:AM - 01:40:PM, - ,Ohidujjaman,Ojn,2
BSCSE,CSE 4165,Web Programming,A,826 (Computer Lab),,Sat,,08:30:AM - 11:00:AM, - ,Md. Shafiul Alam,MShA,3
BSCSE,CSE 4165,Web Programming,B,826 (Computer Lab),,Sat,,11:11:AM - 01:40:PM, - ,Md. Shadman Aadeeb,MdShA,3
BSCSE,CSE 4165,Web Programming,C,926 (Computer Lab),,Sun,,08:30:AM - 11:00:AM, - ,Md. Shadman Aadeeb,MdShA,3
BSCSE,CSE 4165,Web Programming,D,426 (Computer Lab),,Sun,,11:11:AM - 01:40:PM, - ,Nahid Hossain,NHn,3
BSCSE,CSE 4165,Web Programming,E,826 (Computer Lab),,Sun,,02:00:PM - 04:30:PM, - ,Mahmudul Hasan,MahHsn,3
BSCSE,CSE 4165,Web Programming,F,727 (Computer Lab),,Sat,,02:00:PM - 04:30:PM, - ,Mahmudul Hasan,MahHsn,3
BSCSE,CSE 4165,Web Programming,H,427 (Computer Lab),,Tue,,11:11:AM - 01:40:PM, - ,Nahid Hossain,NHn,3
BSCSE,CSE 4165,Web Programming,I,826 (Computer Lab),,Sat,,02:00:PM - 04:30:PM, - ,Tasmia Binte Sogir,TBS,3
BSCSE,CSE 4165,Web Programming,K,927 (Computer Lab),,Wed,,08:30:AM - 11:00:AM, - ,Md. Shadman Aadeeb,MdShA,3
BSCSE,CSE 4165,Web Programming,L,427 (Computer Lab),,Wed,,11:11:AM - 01:40:PM, - ,Nahid Hossain,NHn,3
BSCSE,CSE 4165,Web Programming,N,827 (Computer Lab),,Sat,,08:30:AM - 11:00:AM, - ,Sabah Ahmed,SabAd,3
BSCSE,CSE 4165,Web Programming,G,426 (Computer Lab),,Tue,,02:00:PM - 04:30:PM, - ,Nahid Hossain,NHn,3
BSCSE,CSE 4165,Web Programming,J,827 (Computer Lab),,Sun,,08:30:AM - 11:00:AM, - ,Sabah Ahmed,SabAd,3
BSCSE,CSE 4165,Web Programming,M,827 (Computer Lab),,Wed,,02:00:PM - 04:30:PM, - ,Mahmudul Hasan,MahHsn,3
BSCSE,CSE 4181,Mobile Application Development,A,827 (Computer Lab),,Sun,,02:00:PM - 04:30:PM, - ,Md. Nafis Tahmid Akhand,MNTA,3
BSCSE,CSE 4325,Microprocessors and Microcontrollers,A,429,429,Sat,Tue,11:11:AM - 12:30:PM,11:11:AM - 12:30:PM,Md. Shafqat Talukder,MSTR,3
BSCSE,CSE 4325,Microprocessors and Microcontrollers,B,407,407,Sun,Wed,03:11:PM - 04:30:PM,03:11:PM - 04:30:PM,Rafid Nahiyan Farabi,RNF,3
BSCSE,CSE 4325,Microprocessors and Microcontrollers,C,425,425,Sat,Tue,12:31:PM - 01:50:PM,12:31:PM - 01:50:PM,Arnab Bhattacharjee,ArBh,3
BSCSE,CSE 4325,Microprocessors and Microcontrollers,D,402,402,Sun,Wed,09:51:AM - 11:10:AM,09:51:AM - 11:10:AM,Arnab Bhattacharjee,ArBh,3
BSCSE,CSE 4325,Microprocessors and Microcontrollers,E,404,404,Sat,Tue,01:51:PM - 03:10:PM,01:51:PM - 03:10:PM,Md. Shafqat Talukder,MSTR,3
BSCSE,CSE 4325,Microprocessors and Microcontrollers,F,408,408,Sun,Wed,11:11:AM - 12:30:PM,11:11:AM - 12:30:PM,Rafid Nahiyan Farabi,RNF,3
BSCSE,CSE 4325,Microprocessors and Microcontrollers,G,723,723,Sat,Tue,08:30:AM - 09:50:AM,08:30:AM - 09:50:AM,Arnab Bhattacharjee,ArBh,3
BSCSE,CSE 4325,Microprocessors and Microcontrollers,H,401,401,Sun,Wed,12:31:PM - 01:50:PM,12:31:PM - 01:50:PM,Rafid Nahiyan Farabi,RNF,3
BSCSE,CSE 4326,Microprocessors and Microcontrollers Laboratory,A,501 (Circuit Lab),,Sat,,08:30:AM - 11:00:AM, - ,Shahil Yasar Haque,SYH,1
BSCSE,CSE 4326,Microprocessors and Microcontrollers Laboratory,B,501 (Circuit Lab),,Sat,,11:11:AM - 01:40:PM, - ,Rafid Nahiyan Farabi,RNF,1
BSCSE,CSE 4326,Microprocessors and Microcontrollers Laboratory,C,501 (Circuit Lab),,Sun,,08:30:AM - 11:00:AM, - ,Md. Shafqat Talukder,MSTR,1
BSCSE,CSE 4326,Microprocessors and Microcontrollers Laboratory,D,501 (Circuit Lab),,Sun,,11:11:AM - 01:40:PM, - ,Arnab Bhattacharjee,ArBh,1
BSCSE,CSE 4326,Microprocessors and Microcontrollers Laboratory,F,501 (Circuit Lab),,Tue,,08:30:AM - 11:00:AM, - ,Shahil Yasar Haque,SYH,1
BSCSE,CSE 4326,Microprocessors and Microcontrollers Laboratory,H,501 (Circuit Lab),,Wed,,08:30:AM - 11:00:AM, - ,Md. Shafqat Talukder,MSTR,1
BSCSE,CSE 4326,Microprocessors and Microcontrollers Laboratory,I,501 (Circuit Lab),,Wed,,11:11:AM - 01:40:PM, - ,Sayeem Been Zaman,SBZ,1
BSCSE,CSE 4326,Microprocessors and Microcontrollers Laboratory,K,501 (Circuit Lab),,Wed,,02:00:PM - 04:30:PM, - ,Arnab Bhattacharjee,ArBh,1
BSCSE,CSE 4326,Microprocessors and Microcontrollers Laboratory,G,501 (Circuit Lab),,Tue,,11:11:AM - 01:40:PM, - ,Rafid Nahiyan Farabi,RNF,1
BSCSE,CSE 4435,Software Architecture,A,403,403,Sun,Wed,09:51:AM - 11:10:AM,09:51:AM - 11:10:AM,Tanmoy Bipro Das,TBD,3
BSCSE,CSE 4451,Human Computer Interaction,A,802,802,Wed,Wed,08:30:AM - 11:00:AM,08:30:AM - 11:00:AM,Novia Nurain,NoNn,3
BSCSE,CSE 4451,Human Computer Interaction,B,802,802,Wed,Wed,02:00:PM - 04:30:PM,02:00:PM - 04:30:PM,Novia Nurain,NoNn,3
BSCSE,CSE 4451,Human Computer Interaction,C,408,408,Sun,Wed,08:30:AM - 09:50:AM,08:30:AM - 09:50:AM,Nabila Sabrin Sworna,NSS,3
BSCSE,CSE 4495,Software Testing and Quality Assurance,A,402,402,Sun,Wed,12:31:PM - 01:50:PM,12:31:PM - 01:50:PM,Mobaswirul Islam,MoIsm,3
BSCSE,CSE 4495,Software Testing and Quality Assurance,B,428,428,Sat,Tue,12:31:PM - 01:50:PM,12:31:PM - 01:50:PM,Mobaswirul Islam,MoIsm,3
BSCSE,CSE 4509,Operating Systems,A,724,724,Sat,Tue,08:30:AM - 09:50:AM,08:30:AM - 09:50:AM,Azizur Rahman Anik,ARnA,3
BSCSE,CSE 4509,Operating Systems,B,431,431,Sat,Tue,09:51:AM - 11:10:AM,09:51:AM - 11:10:AM,Azizur Rahman Anik,ARnA,3
BSCSE,CSE 4509,Operating Systems,C,432,432,Sat,Tue,11:11:AM - 12:30:PM,11:11:AM - 12:30:PM,Md. Rahad Khan,RaK,3
BSCSE,CSE 4509,Operating Systems,D,429,429,Sat,Tue,12:31:PM - 01:50:PM,12:31:PM - 01:50:PM,Md. Motaharul Islam,MdMIm,3
BSCSE,CSE 4509,Operating Systems,E,409,409,Sun,Wed,11:11:AM - 12:30:PM,11:11:AM - 12:30:PM,Md. Sajjad Hossain,MSdHn,3
BSCSE,CSE 4509,Operating Systems,F,403,403,Sun,Wed,12:31:PM - 01:50:PM,12:31:PM - 01:50:PM,Rakib Ahsan,RbAn,3
BSCSE,CSE 4509,Operating Systems,G,407,407,Sun,Wed,01:51:PM - 03:10:PM,01:51:PM - 03:10:PM,Md. Sajjad Hossain,MSdHn,3
BSCSE,CSE 4509,Operating Systems,H,408,408,Sun,Wed,03:11:PM - 04:30:PM,03:11:PM - 04:30:PM,Rakib Ahsan,RbAn,3
BSCSE,CSE 4510,Operating Systems Laboratory,A,626 (Computer Lab),,Sat,,08:30:AM - 11:00:AM, - ,Md. Sajjad Hossain,MSdHn,1
BSCSE,CSE 4510,Operating Systems Laboratory,B,727 (Computer Lab),,Sat,,11:11:AM - 01:40:PM, - ,Rakib Ahsan,RbAn,1
BSCSE,CSE 4510,Operating Systems Laboratory,C,626 (Computer Lab),,Sat,,02:00:PM - 04:30:PM, - ,Mobaswirul Islam,MoIsm,1
BSCSE,CSE 4510,Operating Systems Laboratory,E,530 (Computer Lab),,Sun,,02:00:PM - 04:30:PM, - ,Abrar Mahmud,ArMd,1
BSCSE,CSE 4510,Operating Systems Laboratory,F,826 (Computer Lab),,Tue,,08:30:AM - 11:00:AM, - ,Mobaswirul Islam,MoIsm,1
BSCSE,CSE 4510,Operating Systems Laboratory,G,727 (Computer Lab),,Tue,,11:11:AM - 01:40:PM, - ,Rakib Ahsan,RbAn,1
BSCSE,CSE 4510,Operating Systems Laboratory,H,827 (Computer Lab),,Tue,,02:00:PM - 04:30:PM, - ,Md. Sajjad Hossain,MSdHn,1
BSCSE,CSE 4510,Operating Systems Laboratory,I,426 (Computer Lab),,Wed,,08:30:AM - 11:00:AM, - ,Md. Enamul Haque,MEHq,1
BSCSE,CSE 4510,Operating Systems Laboratory,J,727 (Computer Lab),,Wed,,11:11:AM - 01:40:PM, - ,Azizur Rahman Anik,ARnA,1
BSCSE,CSE 4510,Operating Systems Laboratory,K,826 (Computer Lab),,Wed,,02:00:PM - 04:30:PM, - ,Abrar Mahmud,ArMd,1
BSCSE,CSE 4510,Operating Systems Laboratory,D,327 (Computer Lab),,Tue,,11:11:AM - 01:40:PM, - ,Shahil Yasar Haque,SYH,1
BSCSE,CSE 4531,Computer Security,A,404,404,Sun,Wed,09:51:AM - 11:10:AM,09:51:AM - 11:10:AM,Mir Moynuddin Ahmed Shibly,MMAS,3
BSCSE,CSE 4531,Computer Security,B,425,425,Sat,Tue,08:30:AM - 09:50:AM,08:30:AM - 09:50:AM,Muhammad Nomani Kabir,MNK,3
BSCSE,CSE 4531,Computer Security,C,404,404,Sun,Wed,12:31:PM - 01:50:PM,12:31:PM - 01:50:PM,Md. Shohrab Hossain,MShH,3
BSCSE,CSE 4531,Computer Security,D,601,601,Sat,Tue,11:11:AM - 12:30:PM,11:11:AM - 12:30:PM,Mir Moynuddin Ahmed Shibly,MMAS,3
BSCSE,CSE 4531,Computer Security,E,409,409,Sun,Wed,03:11:PM - 04:30:PM,03:11:PM - 04:30:PM,Md. Shohrab Hossain,MShH,3
BSCSE,CSE 4587,Cloud Computing,A,522 (Computer Lab),,Sun,,11:11:AM - 01:40:PM, - ,Jannatun Noor Mukta,JNM,3
BSCSE,CSE 4611,Compiler Design,A,428,428,Sat,Tue,08:30:AM - 09:50:AM,08:30:AM - 09:50:AM,Kazi Abdun Noor,KAN,3
BSCSE,CSE 4611,Compiler Design,B,409,409,Sun,Wed,08:30:AM - 09:50:AM,08:30:AM - 09:50:AM,Kazi Abdun Noor,KAN,3
BSCSE,CSE 4777,Networks Security,A,425,425,Sat,Tue,01:51:PM - 03:10:PM,01:51:PM - 03:10:PM,Mir Moynuddin Ahmed Shibly,MMAS,3
BSCSE,CSE 4883,Digital Image Processing,A,407,407,Sun,Wed,12:31:PM - 01:50:PM,12:31:PM - 01:50:PM,Md. Tanvir Raihan,MTR,3
BSCSE,CSE 4883,Digital Image Processing,B,410,410,Sun,Wed,11:11:AM - 12:30:PM,11:11:AM - 12:30:PM,Md. Tanvir Raihan,MTR,3
BSCSE,CSE 4889,Machine Learning,A,429,429,Sat,Tue,08:30:AM - 09:50:AM,08:30:AM - 09:50:AM,Sadia Islam,SaIs,3
BSCSE,CSE 4889,Machine Learning,B,410,410,Sun,Wed,08:30:AM - 09:50:AM,08:30:AM - 09:50:AM,Sadia Islam,SaIs,3
BSCSE,CSE 4889,Machine Learning,C,410,410,Sun,Wed,03:11:PM - 04:30:PM,03:11:PM - 04:30:PM,Ohidujjaman,Ojn,3
BSCSE,CSE 4889,Machine Learning,D,428,428,Sat,Tue,01:51:PM - 03:10:PM,01:51:PM - 03:10:PM,Md. Mushfiqul Haque Omi,MHO,3
BSCSE,CSE 4889,Machine Learning,E,431,431,Sat,Tue,12:31:PM - 01:50:PM,12:31:PM - 01:50:PM,Sadia Islam,SaIs,3
BSCSE,CSE 4889,Machine Learning,F,408,408,Sun,Wed,01:51:PM - 03:10:PM,01:51:PM - 03:10:PM,Hafijul Hoque Chowdhury,HHCh,3
BSCSE,CSE 4889,Machine Learning,G,425,425,Sun,Wed,11:11:AM - 12:30:PM,11:11:AM - 12:30:PM,Sadia Islam,SaIs,3
BSCSE,CSE 4891,Data Mining,D,432,432,Sat,Tue,09:51:AM - 11:10:AM,09:51:AM - 11:10:AM,Md. Mushfiqul Haque Omi,MHO,3
BSCSE,CSE 4891,Data Mining,A,602,602,Sat,Tue,11:11:AM - 12:30:PM,11:11:AM - 12:30:PM,Ohidujjaman,Ojn,3
BSCSE,CSE 4891,Data Mining,B,407,407,Sun,Wed,09:51:AM - 11:10:AM,09:51:AM - 11:10:AM,Ohidujjaman,Ojn,3
BSCSE,CSE 4891,Data Mining,C,428,428,Sun,Wed,11:11:AM - 12:30:PM,11:11:AM - 12:30:PM,Md. Mushfiqul Haque Omi,MHO,3
BSCSE,CSE 4945,UI: Concepts and Design,A,927 (Computer Lab),,Sat,,02:00:PM - 04:30:PM, - ,Iftekharul Abedeen,IAb,3
BSCSE,ECO 4101,Economics,A,601,601,Sat,Tue,12:31:PM - 01:50:PM,12:31:PM - 01:50:PM,Mohammad Akhtaruzzaman,MdAkh,3
BSCSE,ECO 4101,Economics,B,432,432,Sat,Tue,01:51:PM - 03:10:PM,01:51:PM - 03:10:PM,Asiya Siddica,AaSa,3
BSCSE,ECO 4101,Economics,C,604,604,Sat,Tue,11:11:AM - 12:30:PM,11:11:AM - 12:30:PM,Asiya Siddica,AaSa,3
BSCSE,ECO 4101,Economics,D,432,432,Sat,Tue,08:30:AM - 09:50:AM,08:30:AM - 09:50:AM,Tanzila Amir,TaA,3
BSCSE,ECO 4101,Economics,E,409,409,Sun,Wed,09:51:AM - 11:10:AM,09:51:AM - 11:10:AM,Mohammad Akhtaruzzaman,MdAkh,3
BSCSE,ECO 4101,Economics,F,431,431,Sun,Wed,11:11:AM - 12:30:PM,11:11:AM - 12:30:PM,Mohammad Akhtaruzzaman,MdAkh,3
BSCSE,ECO 4101,Economics,G,410,410,Sun,Wed,01:51:PM - 03:10:PM,01:51:PM - 03:10:PM,Syed Mahbub Rahman,SMRn,3
BSCSE,ECO 4101,Economics,H,428,428,Sun,Wed,03:11:PM - 04:30:PM,03:11:PM - 04:30:PM,Syed Mahbub Rahman,SMRn,3
BSCSE,EEE 2113,Electrical Circuits,A,601,601,Sat,Tue,08:30:AM - 09:50:AM,08:30:AM - 09:50:AM,Imran Hossain,IHn,3
BSCSE,EEE 2113,Electrical Circuits,B,602,602,Sat,Tue,09:51:AM - 11:10:AM,09:51:AM - 11:10:AM,Fahim Hafiz,FaHa,3
BSCSE,EEE 2113,Electrical Circuits,C,605,605,Sat,Tue,11:11:AM - 12:30:PM,11:11:AM - 12:30:PM,Noman Asif Aditya,NoAA,3
BSCSE,EEE 2113,Electrical Circuits,D,602,602,Sat,Tue,12:31:PM - 01:50:PM,12:31:PM - 01:50:PM,Fahim Hafiz,FaHa,3
BSCSE,EEE 2113,Electrical Circuits,E,601,601,Sat,Tue,01:51:PM - 03:10:PM,01:51:PM - 03:10:PM,Noman Asif Aditya,NoAA,3
BSCSE,EEE 2113,Electrical Circuits,F,431,431,Sun,Wed,08:30:AM - 09:50:AM,08:30:AM - 09:50:AM,Sajid Ahmed Chowdhury,SdACh,3
BSCSE,EEE 2113,Electrical Circuits,G,410,410,Sun,Wed,09:51:AM - 11:10:AM,09:51:AM - 11:10:AM,Sajid Ahmed Chowdhury,SdACh,3
BSCSE,EEE 2113,Electrical Circuits,H,432,432,Sun,Wed,11:11:AM - 12:30:PM,11:11:AM - 12:30:PM,Fahim Hafiz,FaHa,3
BSCSE,EEE 2113,Electrical Circuits,I,409,409,Sun,Wed,12:31:PM - 01:50:PM,12:31:PM - 01:50:PM,Md. Shafqat Talukder,MSTR,3
BSCSE,EEE 2113,Electrical Circuits,J,425,425,Sun,Wed,01:51:PM - 03:10:PM,01:51:PM - 03:10:PM,Sajid Ahmed Chowdhury,SdACh,3
BSCSE,EEE 2113,Electrical Circuits,K,429,429,Sun,Wed,03:11:PM - 04:30:PM,03:11:PM - 04:30:PM,Noman Asif Aditya,NoAA,3
BSCSE,EEE 2123,Electronics,A,602,602,Sat,Tue,08:30:AM - 09:50:AM,08:30:AM - 09:50:AM,Taki Yashir,TY,3
BSCSE,EEE 2123,Electronics,B,603,603,Sat,Tue,09:51:AM - 11:10:AM,09:51:AM - 11:10:AM,Md. Abid Hossain,AbHn,3
BSCSE,EEE 2123,Electronics,C,630,630,Sat,Tue,11:11:AM - 12:30:PM,11:11:AM - 12:30:PM,M. Fahmin Rahman,MFRn,3
BSCSE,EEE 2123,Electronics,D,603,603,Sat,Tue,12:31:PM - 01:50:PM,12:31:PM - 01:50:PM,Md. Abid Hossain,AbHn,3
BSCSE,EEE 2123,Electronics,E,602,602,Sat,Tue,01:51:PM - 03:10:PM,01:51:PM - 03:10:PM,Taki Yashir,TY,3
BSCSE,EEE 2123,Electronics,F,432,432,Sun,Wed,08:30:AM - 09:50:AM,08:30:AM - 09:50:AM,M. Fahmin Rahman,MFRn,3
BSCSE,EEE 2123,Electronics,G,425,425,Sun,Wed,09:51:AM - 11:10:AM,09:51:AM - 11:10:AM,Md. Abid Hossain,AbHn,3
BSCSE,EEE 2123,Electronics,H,428,428,Sun,Wed,01:51:PM - 03:10:PM,01:51:PM - 03:10:PM,M. Fahmin Rahman,MFRn,3
BSCSE,EEE 2123,Electronics,I,410,410,Sun,Wed,12:31:PM - 01:50:PM,12:31:PM - 01:50:PM,Imran Hossain,IHn,3
BSCSE,EEE 2123,Electronics,J,429,429,Sun,Wed,01:51:PM - 03:10:PM,01:51:PM - 03:10:PM,Noman Asif Aditya,NoAA,3
BSCSE,EEE 2123,Electronics,K,431,431,Sun,Wed,03:11:PM - 04:30:PM,03:11:PM - 04:30:PM,Taki Yashir,TY,3
BSCSE,EEE 2123,Electronics,L,601,601,Sun,Wed,11:11:AM - 12:30:PM,11:11:AM - 12:30:PM,Imran Hossain,IHn,3
BSCSE,EEE 2124,Electronics Laboratory,A,504 (Circuit Lab),,Sat,,08:30:AM - 11:00:AM, - ,M. Fahmin Rahman,MFRn,1
BSCSE,EEE 2124,Electronics Laboratory,D,504 (Circuit Lab),,Sun,,11:11:AM - 01:40:PM, - ,Md. Abid Hossain,AbHn,1
BSCSE,EEE 2124,Electronics Laboratory,B,504 (Circuit Lab),,Sat,,11:11:AM - 01:40:PM, - ,Imran Hossain,IHn,1
BSCSE,EEE 2124,Electronics Laboratory,C,504 (Circuit Lab),,Sun,,08:30:AM - 11:00:AM, - ,Taki Yashir,TY,1
BSCSE,EEE 2124,Electronics Laboratory,E,501 (Circuit Lab),,Sun,,02:00:PM - 04:30:PM, - ,Anudwaipaon Antu,AdAn,1
BSCSE,EEE 2124,Electronics Laboratory,F,504 (Circuit Lab),,Tue,,08:30:AM - 11:00:AM, - ,Noman Asif Aditya,NoAA,1
BSCSE,EEE 2124,Electronics Laboratory,G,504 (Circuit Lab),,Tue,,11:11:AM - 01:40:PM, - ,Imran Hossain,IHn,1
BSCSE,EEE 2124,Electronics Laboratory,H,501 (Circuit Lab),,Tue,,02:00:PM - 04:30:PM, - ,M. Fahmin Rahman,MFRn,1
BSCSE,EEE 2124,Electronics Laboratory,I,504 (Circuit Lab),,Wed,,08:30:AM - 11:00:AM, - ,Taki Yashir,TY,1
BSCSE,EEE 2124,Electronics Laboratory,J,504 (Circuit Lab),,Wed,,11:11:AM - 01:40:PM, - ,Md. Abid Hossain,AbHn,1
BSCSE,EEE 2124,Electronics Laboratory,K,504 (Circuit Lab),,Wed,,02:00:PM - 04:30:PM, - ,Anudwaipaon Antu,AdAn,1
BSCSE,EEE 4261,Green Computing,A,603,603,Sat,Tue,08:30:AM - 09:50:AM,08:30:AM - 09:50:AM,Md. Nafis Tahmid Akhand,MNTA,3
BSCSE,EEE 4261,Green Computing,B,631,631,Sat,Tue,11:11:AM - 12:30:PM,11:11:AM - 12:30:PM,Md. Nafis Tahmid Akhand,MNTA,3
BSCSE,EEE 4261,Green Computing,C,309,309,Sun,Wed,08:30:AM - 09:50:AM,08:30:AM - 09:50:AM,Md. Motaharul Islam,MdMIm,3
BSCSE,EEE 4261,Green Computing,D,431,431,Sun,Wed,01:51:PM - 03:10:PM,01:51:PM - 03:10:PM,Md. Motaharul Islam,MdMIm,3
BSCSE,EEE 4261,Green Computing,E,432,432,Sun,Wed,03:11:PM - 04:30:PM,03:11:PM - 04:30:PM,Md. Motaharul Islam,MdMIm,3
BSCSE,ENG 1011,English I,AH,428,428,Sun,Wed,12:31:PM - 01:50:PM,12:31:PM - 01:50:PM,Umme Habiba,UH,3
BSCSE,ENG 1011,English I,AI,605,605,Sat,Tue,12:31:PM - 01:50:PM,12:31:PM - 01:50:PM,Saima Hasin,SaHn,3
BSCSE,ENG 1011,English I,AD,428,428,Sun,Wed,09:51:AM - 11:10:AM,09:51:AM - 11:10:AM,Khadijatul Jannat Sumi,KhJS,3
BSCSE,ENG 1011,English I,AC,604,604,Sat,Tue,09:51:AM - 11:10:AM,09:51:AM - 11:10:AM,Khadijatul Jannat Sumi,KhJS,3
BSCSE,ENG 1011,English I,AA,604,604,Sat,Tue,08:30:AM - 09:50:AM,08:30:AM - 09:50:AM,Khadijatul Jannat Sumi,KhJS,3
BSCSE,ENG 1011,English I,AB,601,601,Sun,Wed,08:30:AM - 09:50:AM,08:30:AM - 09:50:AM,Audree Shariar Kazi,AShK,3
BSCSE,ENG 1011,English I,AE,632,632,Sat,Tue,11:11:AM - 12:30:PM,11:11:AM - 12:30:PM,Umme Habiba,UH,3
BSCSE,ENG 1011,English I,AF,602,602,Sun,Wed,11:11:AM - 12:30:PM,11:11:AM - 12:30:PM,Audree Shariar Kazi,AShK,3
BSCSE,ENG 1011,English I,AG,604,604,Sat,Tue,12:31:PM - 01:50:PM,12:31:PM - 01:50:PM,Umme Habiba,UH,3
BSCSE,ENG 1013,English II,AA,605,605,Sat,Tue,08:30:AM - 09:50:AM,08:30:AM - 09:50:AM,Christina Miti Rozario,ChMR,3
BSCSE,ENG 1013,English II,AB,605,605,Sat,Tue,09:51:AM - 11:10:AM,09:51:AM - 11:10:AM,Christina Miti Rozario,ChMR,3
BSCSE,ENG 1013,English II,AE,602,602,Sun,Wed,08:30:AM - 09:50:AM,08:30:AM - 09:50:AM,Christina Miti Rozario,ChMR,3
BSCSE,ENG 1013,English II,AC,701,701,Sat,Tue,11:11:AM - 12:30:PM,11:11:AM - 12:30:PM,Md. Ziaul Karim,MZK,3
BSCSE,ENG 1013,English II,AD,630,630,Sat,Tue,12:31:PM - 01:50:PM,12:31:PM - 01:50:PM,Md. Ziaul Karim,MZK,3
BSCSE,ENG 1013,English II,AF,429,429,Sun,Wed,09:51:AM - 11:10:AM,09:51:AM - 11:10:AM,Christina Miti Rozario,ChMR,3
BSCSE,ENG 1013,English II,AG,603,603,Sun,Wed,11:11:AM - 12:30:PM,11:11:AM - 12:30:PM,Mariyam Akther Riya,MARi,3
BSCSE,ENG 1013,English II,AH,429,429,Sun,Wed,12:31:PM - 01:50:PM,12:31:PM - 01:50:PM,Mariyam Akther Riya,MARi,3
BSCSE,IPE 3401,Industrial and Operational Management,A,630,630,Sat,Tue,08:30:AM - 09:50:AM,08:30:AM - 09:50:AM,Nur Md Alif Ul Islam,NMAI,3
BSCSE,IPE 3401,Industrial and Operational Management,B,630,630,Sat,Tue,09:51:AM - 11:10:AM,09:51:AM - 11:10:AM,Nur Md Alif Ul Islam,NMAI,3
BSCSE,IPE 3401,Industrial and Operational Management,C,702,702,Sat,Tue,11:11:AM - 12:30:PM,11:11:AM - 12:30:PM,Abu Taher,AbTr,3
BSCSE,IPE 3401,Industrial and Operational Management,D,631,631,Sat,Tue,12:31:PM - 01:50:PM,12:31:PM - 01:50:PM,Nur Md Alif Ul Islam,NMAI,3
BSCSE,IPE 3401,Industrial and Operational Management,E,603,603,Sat,Tue,01:51:PM - 03:10:PM,01:51:PM - 03:10:PM,Partha Pratim Das Roy,PPDR,3
BSCSE,IPE 3401,Industrial and Operational Management,F,631,631,Sat,Tue,09:51:AM - 11:10:AM,09:51:AM - 11:10:AM,Abu Taher,AbTr,3
BSCSE,IPE 3401,Industrial and Operational Management,G,603,603,Sun,Wed,08:30:AM - 09:50:AM,08:30:AM - 09:50:AM,Partha Pratim Das Roy,PPDR,3
BSCSE,IPE 3401,Industrial and Operational Management,H,431,431,Sun,Wed,09:51:AM - 11:10:AM,09:51:AM - 11:10:AM,Shashwata Sengupta,ShSg,3
BSCSE,IPE 3401,Industrial and Operational Management,I,604,604,Sun,Wed,11:11:AM - 12:30:PM,11:11:AM - 12:30:PM,Partha Pratim Das Roy,PPDR,3
BSCSE,IPE 3401,Industrial and Operational Management,J,431,431,Sun,Wed,12:31:PM - 01:50:PM,12:31:PM - 01:50:PM,Shashwata Sengupta,ShSg,3
BSCSE,IPE 3401,Industrial and Operational Management,K,432,432,Sun,Wed,01:51:PM - 03:10:PM,01:51:PM - 03:10:PM,Partha Pratim Das Roy,PPDR,3
BSCSE,IPE 3401,Industrial and Operational Management,L,601,601,Sun,Wed,03:11:PM - 04:30:PM,03:11:PM - 04:30:PM,Shashwata Sengupta,ShSg,3
BSCSE,MATH 1151,Fundamental Calculus,A,604,604,Sat,Tue,01:51:PM - 03:10:PM,01:51:PM - 03:10:PM,Md. Asadujjaman,MdAsn,3
BSCSE,MATH 1151,Fundamental Calculus,B,303,303,Sat,Tue,03:11:PM - 04:30:PM,03:11:PM - 04:30:PM,A.K.M. Rayhan,AKMRn,3
BSCSE,MATH 1151,Fundamental Calculus,C,605,605,Sat,Tue,01:51:PM - 03:10:PM,01:51:PM - 03:10:PM,A.K.M. Rayhan,AKMRn,3
BSCSE,MATH 1151,Fundamental Calculus,D,632,632,Sat,Tue,12:31:PM - 01:50:PM,12:31:PM - 01:50:PM,Md. Mutasim Billah Kouser,MMBK,3
BSCSE,MATH 1151,Fundamental Calculus,I,631,631,Sat,Tue,08:30:AM - 09:50:AM,08:30:AM - 09:50:AM,Nasrina Parvin,NPn,3
BSCSE,MATH 1151,Fundamental Calculus,J,304,304,Sat,Tue,03:11:PM - 04:30:PM,03:11:PM - 04:30:PM,Saidul Islam,SIsm,3
BSCSE,MATH 1151,Fundamental Calculus,K,702,702,Sat,Tue,12:31:PM - 01:50:PM,12:31:PM - 01:50:PM,Maliha Tasnim,MaTm,3
BSCSE,MATH 1151,Fundamental Calculus,L,632,632,Sat,Tue,08:30:AM - 09:50:AM,08:30:AM - 09:50:AM,Tahmid Nowsher,TN,3
BSCSE,MATH 1151,Fundamental Calculus,M,630,630,Sat,Tue,01:51:PM - 03:10:PM,01:51:PM - 03:10:PM,Md. Aminur Islam,MdAIm,3
BSCSE,MATH 1151,Fundamental Calculus,N,604,604,Sun,Wed,08:30:AM - 09:50:AM,08:30:AM - 09:50:AM,Md. Aminur Islam,MdAIm,3
BSCSE,MATH 1151,Fundamental Calculus,O,432,432,Sun,Wed,09:51:AM - 11:10:AM,09:51:AM - 11:10:AM,Nasrina Parvin,NPn,3
BSCSE,MATH 1151,Fundamental Calculus,F,632,632,Sat,Tue,09:51:AM - 11:10:AM,09:51:AM - 11:10:AM,Md. Aminur Islam,MdAIm,3
BSCSE,MATH 1151,Fundamental Calculus,G,701,701,Sat,Tue,09:51:AM - 11:10:AM,09:51:AM - 11:10:AM,Md. Minhaz Uddin Turjo,MUT,3
BSCSE,MATH 1151,Fundamental Calculus,Q,432,432,Sun,Wed,12:31:PM - 01:50:PM,12:31:PM - 01:50:PM,Jashodhan Saha,JAS,3
BSCSE,MATH 1151,Fundamental Calculus,R,605,605,Sun,Wed,08:30:AM - 09:50:AM,08:30:AM - 09:50:AM,Saidul Islam,SIsm,3
BSCSE,MATH 1151,Fundamental Calculus,S,601,601,Sun,Wed,09:51:AM - 11:10:AM,09:51:AM - 11:10:AM,Shaiful Islam Arafat,ShIA,3
BSCSE,MATH 1151,Fundamental Calculus,T,603,603,Sun,Wed,03:11:PM - 04:30:PM,03:11:PM - 04:30:PM,Md. Minhaz Uddin Turjo,MUT,3
BSCSE,MATH 1151,Fundamental Calculus,U,601,601,Sun,Wed,12:31:PM - 01:50:PM,12:31:PM - 01:50:PM,Md. Mutasim Billah Kouser,MMBK,3
BSCSE,MATH 1151,Fundamental Calculus,V,630,630,Sun,Wed,08:30:AM - 09:50:AM,08:30:AM - 09:50:AM,A.K.M. Rayhan,AKMRn,3
BSCSE,MATH 1151,Fundamental Calculus,W,602,602,Sun,Wed,09:51:AM - 11:10:AM,09:51:AM - 11:10:AM,Nazmul Hasan,NzHn,3
BSCSE,MATH 1151,Fundamental Calculus,X,631,631,Sun,Wed,11:11:AM - 12:30:PM,11:11:AM - 12:30:PM,Saidul Islam,SIsm,3
BSCSE,MATH 1151,Fundamental Calculus,Y,602,602,Sun,Wed,12:31:PM - 01:50:PM,12:31:PM - 01:50:PM,Mahtab Uddin,MUn,3
BSCSE,MATH 1151,Fundamental Calculus,Z,631,631,Sun,Wed,08:30:AM - 09:50:AM,08:30:AM - 09:50:AM,Maliha Tasnim,MaTm,3
BSCSE,MATH 1151,Fundamental Calculus,AA,603,603,Sun,Wed,09:51:AM - 11:10:AM,09:51:AM - 11:10:AM,Tahmid Nowsher,TN,3
BSCSE,MATH 1151,Fundamental Calculus,AB,603,603,Sun,Wed,12:31:PM - 01:50:PM,12:31:PM - 01:50:PM,Md. Minhaz Uddin Turjo,MUT,3
BSCSE,MATH 1151,Fundamental Calculus,P,605,605,Sun,Wed,11:11:AM - 12:30:PM,11:11:AM - 12:30:PM,Maliha Tasnim,MaTm,3
BSCSE,MATH 1151,Fundamental Calculus,H,701,701,Sat,Tue,12:31:PM - 01:50:PM,12:31:PM - 01:50:PM,Md. Asadujjaman,MdAsn,3
BSCSE,MATH 1151,Fundamental Calculus,E,602,602,Sun,Wed,03:11:PM - 04:30:PM,03:11:PM - 04:30:PM,Nazmul Hasan,NzHn,3
BSCSE,MATH 2183,Calculus and Linear Algebra,A,305,305,Sat,Tue,03:11:PM - 04:30:PM,03:11:PM - 04:30:PM,Saima Akter,SamAr,3
BSCSE,MATH 2183,Calculus and Linear Algebra,B,632,632,Sun,Wed,08:30:AM - 09:50:AM,08:30:AM - 09:50:AM,Nazia Shifa Mugdha,NSM,3
BSCSE,MATH 2183,Calculus and Linear Algebra,C,604,604,Sun,Wed,09:51:AM - 11:10:AM,09:51:AM - 11:10:AM,S.M. Yiasir Arafat,SMYA,3
BSCSE,MATH 2183,Calculus and Linear Algebra,D,306,306,Sat,Tue,03:11:PM - 04:30:PM,03:11:PM - 04:30:PM,Nazia Shifa Mugdha,NSM,3
BSCSE,MATH 2183,Calculus and Linear Algebra,E,701,701,Sun,Wed,11:11:AM - 12:30:PM,11:11:AM - 12:30:PM,Saima Akter,SamAr,3
BSCSE,MATH 2183,Calculus and Linear Algebra,F,604,604,Sun,Wed,12:31:PM - 01:50:PM,12:31:PM - 01:50:PM,Nazia Shifa Mugdha,NSM,3
BSCSE,MATH 2183,Calculus and Linear Algebra,G,701,701,Sat,Tue,08:30:AM - 09:50:AM,08:30:AM - 09:50:AM,Saima Akter,SamAr,3
BSCSE,MATH 2183,Calculus and Linear Algebra,H,703,703,Sat,Tue,12:31:PM - 01:50:PM,12:31:PM - 01:50:PM,Saima Akter,SamAr,3
BSCSE,MATH 2183,Calculus and Linear Algebra,I,702,702,Sat,Tue,09:51:AM - 11:10:AM,09:51:AM - 11:10:AM,Md. Moynul Islam,MoIm,3
BSCSE,MATH 2183,Calculus and Linear Algebra,J,307,307,Sat,Tue,03:11:PM - 04:30:PM,03:11:PM - 04:30:PM,S.M. Yiasir Arafat,SMYA,3
BSCSE,MATH 2183,Calculus and Linear Algebra,K,701,701,Sun,Wed,08:30:AM - 09:50:AM,08:30:AM - 09:50:AM,Md. Minhaz Uddin Turjo,MUT,3
BSCSE,MATH 2183,Calculus and Linear Algebra,L,605,605,Sun,Wed,09:51:AM - 11:10:AM,09:51:AM - 11:10:AM,Jashodhan Saha,JAS,3
BSCSE,MATH 2183,Calculus and Linear Algebra,M,703,703,Sat,Tue,09:51:AM - 11:10:AM,09:51:AM - 11:10:AM,Nazia Shifa Mugdha,NSM,3
BSCSE,MATH 2183,Calculus and Linear Algebra,N,605,605,Sun,Wed,12:31:PM - 01:50:PM,12:31:PM - 01:50:PM,Nasrina Parvin,NPn,3
BSCSE,MATH 2183,Calculus and Linear Algebra,O,703,703,Sat,Tue,11:11:AM - 12:30:PM,11:11:AM - 12:30:PM,Nasrina Parvin,NPn,3
BSCSE,MATH 2183,Calculus and Linear Algebra,P,601,601,Sun,Wed,01:51:PM - 03:10:PM,01:51:PM - 03:10:PM,S.M. Yiasir Arafat,SMYA,3
BSCSE,MATH 2201,Coordinate Geometry and Vector Analysis,A,702,702,Sat,Tue,08:30:AM - 09:50:AM,08:30:AM - 09:50:AM,Nazmul Hasan,NzHn,3
BSCSE,MATH 2201,Coordinate Geometry and Vector Analysis,B,706,706,Sat,Tue,09:51:AM - 11:10:AM,09:51:AM - 11:10:AM,Muhaiminul Islam Adnan,MIA,3
BSCSE,MATH 2201,Coordinate Geometry and Vector Analysis,C,308,308,Sat,Tue,03:11:PM - 04:30:PM,03:11:PM - 04:30:PM,Shaiful Islam Arafat,ShIA,3
BSCSE,MATH 2201,Coordinate Geometry and Vector Analysis,E,632,632,Sat,Tue,01:51:PM - 03:10:PM,01:51:PM - 03:10:PM,Nazmul Hasan,NzHn,3
BSCSE,MATH 2201,Coordinate Geometry and Vector Analysis,F,703,703,Sat,Tue,08:30:AM - 09:50:AM,08:30:AM - 09:50:AM,S.M. Yiasir Arafat,SMYA,3
BSCSE,MATH 2201,Coordinate Geometry and Vector Analysis,G,706,706,Sat,Tue,11:11:AM - 12:30:PM,11:11:AM - 12:30:PM,Muhaiminul Islam Adnan,MIA,3
BSCSE,MATH 2201,Coordinate Geometry and Vector Analysis,H,701,701,Sat,Tue,01:51:PM - 03:10:PM,01:51:PM - 03:10:PM,Saidul Islam,SIsm,3
BSCSE,MATH 2201,Coordinate Geometry and Vector Analysis,I,702,702,Sun,Wed,08:30:AM - 09:50:AM,08:30:AM - 09:50:AM,Sidratul Muntaha,SiMu,3
BSCSE,MATH 2201,Coordinate Geometry and Vector Analysis,J,630,630,Sun,Wed,09:51:AM - 11:10:AM,09:51:AM - 11:10:AM,Muhaiminul Islam Adnan,MIA,3
BSCSE,MATH 2201,Coordinate Geometry and Vector Analysis,K,602,602,Sun,Wed,01:51:PM - 03:10:PM,01:51:PM - 03:10:PM,Muhaiminul Islam Adnan,MIA,3
BSCSE,MATH 2201,Coordinate Geometry and Vector Analysis,L,630,630,Sun,Wed,12:31:PM - 01:50:PM,12:31:PM - 01:50:PM,Sidratul Muntaha,SiMu,3
BSCSE,MATH 2201,Coordinate Geometry and Vector Analysis,M,603,603,Sun,Wed,01:51:PM - 03:10:PM,01:51:PM - 03:10:PM,Nazmul Hasan,NzHn,3
BSCSE,MATH 2201,Coordinate Geometry and Vector Analysis,N,605,605,Sun,Wed,03:11:PM - 04:30:PM,03:11:PM - 04:30:PM,Shaiful Islam Arafat,ShIA,3
BSCSE,MATH 2201,Coordinate Geometry and Vector Analysis,O,631,631,Sun,Wed,12:31:PM - 01:50:PM,12:31:PM - 01:50:PM,A.K.M. Rayhan,AKMRn,3
BSCSE,MATH 2201,Coordinate Geometry and Vector Analysis,P,630,630,Sun,Wed,03:11:PM - 04:30:PM,03:11:PM - 04:30:PM,Sidratul Muntaha,SiMu,3
BSCSE,MATH 2201,Coordinate Geometry and Vector Analysis,D,706,706,Sat,Tue,12:31:PM - 01:50:PM,12:31:PM - 01:50:PM,S.M. Yiasir Arafat,SMYA,3
BSCSE,MATH 2205,Probability and Statistics,A,706,706,Sat,Tue,08:30:AM - 09:50:AM,08:30:AM - 09:50:AM,Jashodhan Saha,JAS,3
BSCSE,MATH 2205,Probability and Statistics,B,707,707,Sat,Tue,09:51:AM - 11:10:AM,09:51:AM - 11:10:AM,Md. Mutasim Billah Kouser,MMBK,3
BSCSE,MATH 2205,Probability and Statistics,D,707,707,Sat,Tue,12:31:PM - 01:50:PM,12:31:PM - 01:50:PM,Jashodhan Saha,JAS,3
BSCSE,MATH 2205,Probability and Statistics,E,702,702,Sat,Tue,01:51:PM - 03:10:PM,01:51:PM - 03:10:PM,Mahtab Uddin,MUn,3
BSCSE,MATH 2205,Probability and Statistics,F,703,703,Sat,Tue,01:51:PM - 03:10:PM,01:51:PM - 03:10:PM,Md. Moynul Islam,MoIm,3
BSCSE,MATH 2205,Probability and Statistics,G,707,707,Sat,Tue,11:11:AM - 12:30:PM,11:11:AM - 12:30:PM,Mahtab Uddin,MUn,3
BSCSE,MATH 2205,Probability and Statistics,H,703,703,Sun,Wed,08:30:AM - 09:50:AM,08:30:AM - 09:50:AM,Md. Moynul Islam,MoIm,3
BSCSE,MATH 2205,Probability and Statistics,I,631,631,Sun,Wed,09:51:AM - 11:10:AM,09:51:AM - 11:10:AM,Ashek Ahmed,AkAd,3
BSCSE,MATH 2205,Probability and Statistics,J,604,604,Sun,Wed,01:51:PM - 03:10:PM,01:51:PM - 03:10:PM,Md. Moynul Islam,MoIm,3
BSCSE,MATH 2205,Probability and Statistics,K,632,632,Sun,Wed,12:31:PM - 01:50:PM,12:31:PM - 01:50:PM,Ashek Ahmed,AkAd,3
BSCSE,MATH 2205,Probability and Statistics,M,631,631,Sun,Wed,03:11:PM - 04:30:PM,03:11:PM - 04:30:PM,Mahtab Uddin,MUn,3
BSCSE,MATH 2205,Probability and Statistics,N,630,630,Sun,Wed,01:51:PM - 03:10:PM,01:51:PM - 03:10:PM,A.K.M. Rayhan,AKMRn,3
BSCSE,MATH 2205,Probability and Statistics,O,632,632,Sun,Wed,03:11:PM - 04:30:PM,03:11:PM - 04:30:PM,Md. Mutasim Billah Kouser,MMBK,3
BSCSE,MATH 2205,Probability and Statistics,L,605,605,Sun,Wed,01:51:PM - 03:10:PM,01:51:PM - 03:10:PM,Saidul Islam,SIsm,3
BSCSE,MATH 2205,Probability and Statistics,P,702,702,Sun,Wed,11:11:AM - 12:30:PM,11:11:AM - 12:30:PM,Mahtab Uddin,MUn,3
BSCSE,MATH 2205,Probability and Statistics,C,309,309,Sat,Tue,03:11:PM - 04:30:PM,03:11:PM - 04:30:PM,Md. Moynul Islam,MoIm,3
BSCSE,PHY 2105,Physics,A,707,707,Sat,Tue,08:30:AM - 09:50:AM,08:30:AM - 09:50:AM,Sagar Dutta,SaDa,3
BSCSE,PHY 2105,Physics,AA,703,703,Sun,Wed,12:31:PM - 01:50:PM,12:31:PM - 01:50:PM,Md. Asaduzzaman,MAn,3
BSCSE,PHY 2105,Physics,AB,702,702,Sun,Wed,01:51:PM - 03:10:PM,01:51:PM - 03:10:PM,S.M. Hasibul Hassan Rizvee,HaHR,3
BSCSE,PHY 2105,Physics,AC,703,703,Sun,Wed,03:11:PM - 04:30:PM,03:11:PM - 04:30:PM,Md. Asaduzzaman,MAn,3
BSCSE,PHY 2105,Physics,B,322,322,Sat,Tue,03:11:PM - 04:30:PM,03:11:PM - 04:30:PM,Md. Asaduzzaman,MAn,3
BSCSE,PHY 2105,Physics,C,323,323,Sat,Tue,03:11:PM - 04:30:PM,03:11:PM - 04:30:PM,S.M. Hasibul Hassan Rizvee,HaHR,3
BSCSE,PHY 2105,Physics,D,708,708,Sat,Tue,12:31:PM - 01:50:PM,12:31:PM - 01:50:PM,Md. Mehedi Hasan,MMeH,3
BSCSE,PHY 2105,Physics,E,706,706,Sat,Tue,01:51:PM - 03:10:PM,01:51:PM - 03:10:PM,Md. Nobir Hosen,MNHn,3
BSCSE,PHY 2105,Physics,F,708,708,Sat,Tue,08:30:AM - 09:50:AM,08:30:AM - 09:50:AM,Mst. Sornali Akter,MSAr,3
BSCSE,PHY 2105,Physics,G,708,708,Sat,Tue,09:51:AM - 11:10:AM,09:51:AM - 11:10:AM,Aymaan Fyroz,AyFz,3
BSCSE,PHY 2105,Physics,H,711,711,Sat,Tue,12:31:PM - 01:50:PM,12:31:PM - 01:50:PM,Rabeya Bakar Sarna,RBS,3
BSCSE,PHY 2105,Physics,I,707,707,Sat,Tue,01:51:PM - 03:10:PM,01:51:PM - 03:10:PM,Md. Mehedi Hasan,MMeH,3
BSCSE,PHY 2105,Physics,J,711,711,Sat,Tue,08:30:AM - 09:50:AM,08:30:AM - 09:50:AM,Nayeem Bin Zahid,NBZ,3
BSCSE,PHY 2105,Physics,K,711,711,Sat,Tue,09:51:AM - 11:10:AM,09:51:AM - 11:10:AM,Md. Nobir Hosen,MNHn,3
BSCSE,PHY 2105,Physics,L,722,722,Sat,Tue,12:31:PM - 01:50:PM,12:31:PM - 01:50:PM,Rahil Afzal Nihal,RaAN,3
BSCSE,PHY 2105,Physics,M,708,708,Sat,Tue,01:51:PM - 03:10:PM,01:51:PM - 03:10:PM,Anindita Adri,AnAd,3
BSCSE,PHY 2105,Physics,N,632,632,Sun,Wed,09:51:AM - 11:10:AM,09:51:AM - 11:10:AM,Aymaan Fyroz,AyFz,3
BSCSE,PHY 2105,Physics,O,701,701,Sun,Wed,09:51:AM - 11:10:AM,09:51:AM - 11:10:AM,Anindita Adri,AnAd,3
BSCSE,PHY 2105,Physics,P,703,703,Sun,Wed,11:11:AM - 12:30:PM,11:11:AM - 12:30:PM,Golam Mohammed Bhuiyan,GMB,3
BSCSE,PHY 2105,Physics,Q,701,701,Sun,Wed,12:31:PM - 01:50:PM,12:31:PM - 01:50:PM,Golam Mohammed Bhuiyan,GMB,3
BSCSE,PHY 2105,Physics,R,706,706,Sun,Wed,11:11:AM - 12:30:PM,11:11:AM - 12:30:PM,Mst. Sornali Akter,MSAr,3
BSCSE,PHY 2105,Physics,S,701,701,Sun,Wed,03:11:PM - 04:30:PM,03:11:PM - 04:30:PM,Rabeya Bakar Sarna,RBS,3
BSCSE,PHY 2105,Physics,T,631,631,Sun,Wed,01:51:PM - 03:10:PM,01:51:PM - 03:10:PM,Rahil Afzal Nihal,RaAN,3
BSCSE,PHY 2105,Physics,U,702,702,Sun,Wed,09:51:AM - 11:10:AM,09:51:AM - 11:10:AM,Nayeem Bin Zahid,NBZ,3
BSCSE,PHY 2105,Physics,V,702,702,Sun,Wed,12:31:PM - 01:50:PM,12:31:PM - 01:50:PM,Sagar Dutta,SaDa,3
BSCSE,PHY 2105,Physics,W,632,632,Sun,Wed,01:51:PM - 03:10:PM,01:51:PM - 03:10:PM,Md. Saiful Islam,MSIs,3
BSCSE,PHY 2105,Physics,X,702,702,Sun,Wed,03:11:PM - 04:30:PM,03:11:PM - 04:30:PM,Aymaan Fyroz,AyFz,3
BSCSE,PHY 2105,Physics,Y,703,703,Sun,Wed,09:51:AM - 11:10:AM,09:51:AM - 11:10:AM,Md. Saiful Islam,MSIs,3
BSCSE,PHY 2105,Physics,Z,701,701,Sun,Wed,01:51:PM - 03:10:PM,01:51:PM - 03:10:PM,Mst. Sornali Akter,MSAr,3
BSCSE,PHY 2106,Physics Laboratory,A,510 (Physics Lab),,Sat,,08:30:AM - 11:00:AM, - ,Anindita Adri,AnAd,1
BSCSE,PHY 2106,Physics Laboratory,AA,509 (Phy/Chem Lab),,Wed,,02:00:PM - 04:30:PM, - ,Nayeem Bin Zahid,NBZ,1
BSCSE,PHY 2106,Physics Laboratory,B,510 (Physics Lab),,Sat,,11:11:AM - 01:40:PM, - ,Nayeem Bin Zahid,NBZ,1
BSCSE,PHY 2106,Physics Laboratory,C,704 (Physics Lab),,Sat,,08:30:AM - 11:00:AM, - ,S.M. Hasibul Hassan Rizvee,HaHR,1
BSCSE,PHY 2106,Physics Laboratory,D,704 (Physics Lab),,Sat,,11:11:AM - 01:40:PM, - ,Mst. Sornali Akter,MSAr,1
BSCSE,PHY 2106,Physics Laboratory,E,510 (Physics Lab),,Sun,,08:30:AM - 11:00:AM, - ,Md. Asaduzzaman,MAn,1
BSCSE,PHY 2106,Physics Laboratory,F,510 (Physics Lab),,Sun,,11:11:AM - 01:40:PM, - ,Aymaan Fyroz,AyFz,1
BSCSE,PHY 2106,Physics Laboratory,G,510 (Physics Lab),,Sun,,02:00:PM - 04:30:PM, - ,Md. Mehedi Hasan,MMeH,1
BSCSE,PHY 2106,Physics Laboratory,H,704 (Physics Lab),,Sun,,08:30:AM - 11:00:AM, - ,Md. Nobir Hosen,MNHn,1
BSCSE,PHY 2106,Physics Laboratory,I,704 (Physics Lab),,Sun,,11:11:AM - 01:40:PM, - ,Anindita Adri,AnAd,1
BSCSE,PHY 2106,Physics Laboratory,J,704 (Physics Lab),,Sun,,02:00:PM - 04:30:PM, - ,Md. Nobir Hosen,MNHn,1
BSCSE,PHY 2106,Physics Laboratory,K,509 (Phy/Chem Lab),,Sun,,08:30:AM - 11:00:AM, - ,Rabeya Bakar Sarna,RBS,1
BSCSE,PHY 2106,Physics Laboratory,L,510 (Physics Lab),,Tue,,08:30:AM - 11:00:AM, - ,Md. Mehedi Hasan,MMeH,1
BSCSE,PHY 2106,Physics Laboratory,M,510 (Physics Lab),,Tue,,11:11:AM - 01:40:PM, - ,Md. Saiful Islam,MSIs,1
BSCSE,PHY 2106,Physics Laboratory,N,510 (Physics Lab),,Tue,,02:00:PM - 04:30:PM, - ,Aymaan Fyroz,AyFz,1
BSCSE,PHY 2106,Physics Laboratory,O,704 (Physics Lab),,Tue,,08:30:AM - 11:00:AM, - ,Rabeya Bakar Sarna,RBS,1
BSCSE,PHY 2106,Physics Laboratory,P,704 (Physics Lab),,Tue,,11:11:AM - 01:40:PM, - ,Sagar Dutta,SaDa,1
BSCSE,PHY 2106,Physics Laboratory,Q,704 (Physics Lab),,Tue,,02:00:PM - 04:30:PM, - ,Md. Saiful Islam,MSIs,1
BSCSE,PHY 2106,Physics Laboratory,R,509 (Phy/Chem Lab),,Tue,,08:30:AM - 11:00:AM, - ,Rahil Afzal Nihal,RaAN,1
BSCSE,PHY 2106,Physics Laboratory,S,509 (Phy/Chem Lab),,Tue,,11:11:AM - 01:40:PM, - ,S.M. Hasibul Hassan Rizvee,HaHR,1
BSCSE,PHY 2106,Physics Laboratory,T,510 (Physics Lab),,Wed,,08:30:AM - 11:00:AM, - ,Md. Asaduzzaman,MAn,1
BSCSE,PHY 2106,Physics Laboratory,U,510 (Physics Lab),,Wed,,11:11:AM - 01:40:PM, - ,Rabeya Bakar Sarna,RBS,1
BSCSE,PHY 2106,Physics Laboratory,V,510 (Physics Lab),,Wed,,02:00:PM - 04:30:PM, - ,Anindita Adri,AnAd,1
BSCSE,PHY 2106,Physics Laboratory,W,704 (Physics Lab),,Wed,,08:30:AM - 11:00:AM, - ,S.M. Hasibul Hassan Rizvee,HaHR,1
BSCSE,PHY 2106,Physics Laboratory,X,704 (Physics Lab),,Wed,,11:11:AM - 01:40:PM, - ,Md. Nobir Hosen,MNHn,1
BSCSE,PHY 2106,Physics Laboratory,Y,704 (Physics Lab),,Wed,,02:00:PM - 04:30:PM, - ,Sagar Dutta,SaDa,1
BSCSE,PHY 2106,Physics Laboratory,Z,509 (Phy/Chem Lab),,Wed,,11:11:AM - 01:40:PM, - ,Md. Mehedi Hasan,MMeH,1
BSCSE,PMG 4101,Project Management,A,722,722,Sat,Tue,08:30:AM - 09:50:AM,08:30:AM - 09:50:AM,Rizvan Jawad Ruhan,RJR,3
BSCSE,PMG 4101,Project Management,B,722,722,Sat,Tue,09:51:AM - 11:10:AM,09:51:AM - 11:10:AM,Khandokar Md. Rahat Hossain,KMRH,3
BSCSE,PMG 4101,Project Management,C,708,708,Sat,Tue,11:11:AM - 12:30:PM,11:11:AM - 12:30:PM,Rizvan Jawad Ruhan,RJR,3
BSCSE,PMG 4101,Project Management,D,711,711,Sat,Tue,01:51:PM - 03:10:PM,01:51:PM - 03:10:PM,Md. Muhyminul Haque,MdMH,3
BSCSE,PMG 4101,Project Management,E,706,706,Sun,Wed,08:30:AM - 09:50:AM,08:30:AM - 09:50:AM,Md. Muhyminul Haque,MdMH,3
BSCSE,PMG 4101,Project Management,F,706,706,Sun,Wed,09:51:AM - 11:10:AM,09:51:AM - 11:10:AM,Suman Ahmmed,SA,3
BSCSE,PMG 4101,Project Management,G,707,707,Sun,Wed,11:11:AM - 12:30:PM,11:11:AM - 12:30:PM,Khandokar Md. Rahat Hossain,KMRH,3
BSCSE,PMG 4101,Project Management,H,703,703,Sun,Wed,01:51:PM - 03:10:PM,01:51:PM - 03:10:PM,Md. Muhyminul Haque,MdMH,3
BSCSE,PMG 4101,Project Management,I,706,706,Sun,Wed,03:11:PM - 04:30:PM,03:11:PM - 04:30:PM,Khandokar Md. Rahat Hossain,KMRH,3
BSCSE,SOC 2101,"Society, Environment and Engineering Ethics",A,723,723,Sat,Tue,09:51:AM - 11:10:AM,09:51:AM - 11:10:AM,Md. Minhajul Islam,MMiIm,3
BSCSE,SOC 2101,"Society, Environment and Engineering Ethics",B,711,711,Sat,Tue,11:11:AM - 12:30:PM,11:11:AM - 12:30:PM,Nabila Sultana,NaSa,3
BSCSE,SOC 2101,"Society, Environment and Engineering Ethics",C,723,723,Sat,Tue,12:31:PM - 01:50:PM,12:31:PM - 01:50:PM,Md. Minhajul Islam,MMiIm,3
BSCSE,SOC 2101,"Society, Environment and Engineering Ethics",D,722,722,Sat,Tue,01:51:PM - 03:10:PM,01:51:PM - 03:10:PM,Nabila Sultana,NaSa,3
BSCSE,SOC 2101,"Society, Environment and Engineering Ethics",E,722,722,Sat,Tue,11:11:AM - 12:30:PM,11:11:AM - 12:30:PM,Mallika Datta,MD,3
BSCSE,SOC 2101,"Society, Environment and Engineering Ethics",F,723,723,Sat,Tue,11:11:AM - 12:30:PM,11:11:AM - 12:30:PM,Salma Begum,SaB,3
BSCSE,SOC 2101,"Society, Environment and Engineering Ethics",G,707,707,Sun,Wed,08:30:AM - 09:50:AM,08:30:AM - 09:50:AM,Md. Minhajul Islam,MMiIm,3
BSCSE,SOC 2101,"Society, Environment and Engineering Ethics",H,707,707,Sun,Wed,09:51:AM - 11:10:AM,09:51:AM - 11:10:AM,Nazmun Nahar Showmi,NNS,3
BSCSE,SOC 2101,"Society, Environment and Engineering Ethics",I,708,708,Sun,Wed,11:11:AM - 12:30:PM,11:11:AM - 12:30:PM,Md. Minhajul Islam,MMiIm,3
BSCSE,SOC 2101,"Society, Environment and Engineering Ethics",J,706,706,Sun,Wed,12:31:PM - 01:50:PM,12:31:PM - 01:50:PM,Nazmun Nahar Showmi,NNS,3
BSCSE,SOC 2101,"Society, Environment and Engineering Ethics",K,706,706,Sun,Wed,01:51:PM - 03:10:PM,01:51:PM - 03:10:PM,Salma Begum,SaB,3
BSCSE,SOC 2101,"Society, Environment and Engineering Ethics",L,707,707,Sun,Wed,03:11:PM - 04:30:PM,03:11:PM - 04:30:PM,Salma Begum,SaB,3
BSCSE,SOC 2101,"Society, Environment and Engineering Ethics",M,707,707,Sun,Wed,01:51:PM - 03:10:PM,01:51:PM - 03:10:PM,Mallika Datta,MD,3
BSCSE,TEC 2499,Technology Entrepreneurship,A,407,,Tue,,11:11:AM - 01:40:PM, - ,Khondaker Abdullah -Al-Mamun,KM,3
BSDS,BIO 3107,Biology,BA,306,306,Sun,Wed,03:11:PM - 04:30:PM,03:11:PM - 04:30:PM,Mahir Amer Haque,MAmH,3
BSDS,BIO 3107,Biology,BB,305,305,Sat,Tue,12:31:PM - 01:50:PM,12:31:PM - 01:50:PM,Muhammad Sibgatullah Zunnun,MSZn,3
BSDS,CSE 2213,Discrete Mathematics,BA,425,425,Sun,Wed,12:31:PM - 01:50:PM,12:31:PM - 01:50:PM,Khushnur Binte Jahangir,KBJ,3
BSDS,CSE 2215,Data Structure and Algorithms I,BA,309,309,Sun,Wed,11:11:AM - 12:30:PM,11:11:AM - 12:30:PM,Charles Aunkan Gomes,CAG,3
BSDS,CSE 2216,Data Structure and Algorithms I Laboratory,BA,424 (Computer Lab),,Sat,,11:11:AM - 01:40:PM, - ,Charles Aunkan Gomes,CAG,1
BSDS,CSE 2216,Data Structure and Algorithms I Laboratory,BB,726 (Computer Lab),,Tue,,11:11:AM - 01:40:PM, - ,Charles Aunkan Gomes,CAG,1
BSDS,CSE 2217,Data Structure and Algorithms II,BA,325,325,Sat,Tue,11:11:AM - 12:30:PM,11:11:AM - 12:30:PM,Md. Tarek Hasan,MdTH,3
BSDS,CSE 2218,Data Structure and Algorithms II Laboratory,BA,522 (Computer Lab),,Tue,,02:00:PM - 04:30:PM, - ,Md. Tarek Hasan,MdTH,1
BSDS,CSE 3521,Database Management Systems,BA,402,402,Sun,Wed,11:11:AM - 12:30:PM,11:11:AM - 12:30:PM,Farhan Anan Himu,FAH,3
BSDS,CSE 3521,Database Management Systems,BB,401,401,Sat,Tue,12:31:PM - 01:50:PM,12:31:PM - 01:50:PM,Farhan Anan Himu,FAH,3
BSDS,CSE 3522,Database Management Systems Laboratory,BA,528 (Computer Lab),,Sat,,08:30:AM - 11:00:AM, - ,Farhan Anan Himu,FAH,1
BSDS,CSE 3522,Database Management Systems Laboratory,BB,529 (Computer Lab),,Sun,,08:30:AM - 11:00:AM, - ,Farhan Anan Himu,FAH,1
BSDS,DS 1101,Fundamentals of Data Science,BA,603,603,Sat,Tue,11:11:AM - 12:30:PM,11:11:AM - 12:30:PM,Iftekharul Abedeen,IAb,3
BSDS,DS 1101,Fundamentals of Data Science,BB,425,425,Sun,Wed,08:30:AM - 09:50:AM,08:30:AM - 09:50:AM,Iftekharul Abedeen,IAb,3
BSDS,DS 1115,Object Oriented Programming for Data Science,BA,432,432,Sat,Tue,12:31:PM - 01:50:PM,12:31:PM - 01:50:PM,Muhammad Anwarul Azim,MAnAm,3
BSDS,DS 1115,Object Oriented Programming for Data Science,BB,408,408,Sun,Wed,12:31:PM - 01:50:PM,12:31:PM - 01:50:PM,Muhammad Anwarul Azim,MAnAm,3
BSDS,DS 1115,Object Oriented Programming for Data Science,BC,429,429,Sat,Tue,01:51:PM - 03:10:PM,01:51:PM - 03:10:PM,Muhammad Anwarul Azim,MAnAm,3
BSDS,DS 1116,Object Oriented Programming for Data Science Laboratory,BA,727 (Computer Lab),,Sat,,08:30:AM - 11:00:AM, - ,Iftekharul Abedeen,IAb,1
BSDS,DS 1116,Object Oriented Programming for Data Science Laboratory,BB,826 (Computer Lab),,Sun,,08:30:AM - 11:00:AM, - ,Muhammad Anwarul Azim,MAnAm,1
BSDS,DS 1116,Object Oriented Programming for Data Science Laboratory,BC,827 (Computer Lab),,Tue,,08:30:AM - 11:00:AM, - ,Iftekharul Abedeen,IAb,1
BSDS,DS 1116,Object Oriented Programming for Data Science Laboratory,BD,427 (Computer Lab),,Wed,,08:30:AM - 11:00:AM, - ,Muhammad Anwarul Azim,MAnAm,1
BSDS,DS 1501,Programming for Data Science,BA,408,408,Sun,Wed,09:51:AM - 11:10:AM,09:51:AM - 11:10:AM,Khushnur Binte Jahangir,KBJ,3
BSDS,DS 1501,Programming for Data Science,BB (if required),431,431,Sat,Tue,01:51:PM - 03:10:PM,01:51:PM - 03:10:PM,,,3
BSDS,DS 1502,Programming for Data Science Laboratory,BA,626 (Computer Lab),,Sun,,02:00:PM - 04:30:PM, - ,Khushnur Binte Jahangir,KBJ,1
BSDS,DS 1502,Programming for Data Science Laboratory,BB,327 (Computer Lab),,Wed,,11:11:AM - 01:40:PM, - ,TBA,TBA,1
BSDS,DS 3101,Advanced Probability and Statistics,BA,409,409,Sun,Wed,01:51:PM - 03:10:PM,01:51:PM - 03:10:PM,Tahmid Mosaddeque,TaMo,3
BSDS,DS 3120,Technical Report Writing and Presentation,BA,927 (Computer Lab),,Sat,,11:11:AM - 01:40:PM, - ,Jannatun Noor Mukta,JNM,2
BSDS,DS 3120,Technical Report Writing and Presentation,BB,927 (Computer Lab),,Tue,,11:11:AM - 01:40:PM, - ,Jannatun Noor Mukta,JNM,2
BSDS,DS 3521,Data Visualization,BA,429,429,Sun,Wed,11:11:AM - 12:30:PM,11:11:AM - 01:40:PM,Shihab Ahmed,ShAhd,3
BSDS,DS 3522,Data Visualization Laboratory,BA,927 (Computer Lab),,Sun,,02:00:PM - 04:30:PM, - ,Shihab Ahmed,ShAhd,1
BSDS,DS 3885,Data Wrangling,BA,428,428,Sun,Wed,08:30:AM - 09:50:AM,08:30:AM - 09:50:AM,A.H.M. Osama Haque,AHMOH,3
BSDS,DS 4523,Simulation and Modeling,BA,431,431,Sat,Tue,08:30:AM - 09:50:AM,08:30:AM - 09:50:AM,Tahmid Mosaddeque,TaMo,3
BSDS,DS 4889,Machine Learning,BA,601,601,Sat,Tue,09:51:AM - 11:10:AM,09:51:AM - 11:10:AM,A.H.M. Osama Haque,AHMOH,3
BSDS,DS 4889,Machine Learning,BB,425,425,Sun,Wed,03:11:PM - 04:30:PM,03:11:PM - 04:30:PM,A.H.M. Osama Haque,AHMOH,3
BSDS,DS 4891,Data Analytics,BA,429,429,Sun,Wed,08:30:AM - 09:50:AM,08:30:AM - 09:50:AM,Azizur Rahman Anik,ARnA,3
BSDS,DS 4892,Data Analytics Laboratory,BA,927 (Computer Lab),,Sun,,11:11:AM - 01:40:PM, - ,Azizur Rahman Anik,ARnA,1
BSDS,MATH 1153,Advanced Calculus,BA,632,632,Sun,Wed,11:11:AM - 12:30:PM,11:11:AM - 12:30:PM,Muhaiminul Islam Adnan,MIA,3
BSDS,MATH 2107,Linear Algebra,BA,604,604,Sun,Wed,03:11:PM - 04:30:PM,03:11:PM - 04:30:PM,Ashek Ahmed,AkAd,3
BSDS,MATH 2107,Linear Algebra,BB,631,631,Sat,Tue,01:51:PM - 03:10:PM,01:51:PM - 03:10:PM,Ashek Ahmed,AkAd,3
,,,,,,,,,,,,
,,,,,,,,,,,,
,,,,,,,,,,,,
,,,,,,,,,,,,
,,,,,,,,,,,,
,,,,,,,,,,,,
,,,,,,,,,,,,
,,,,,,,,,,,,
,,,,,,,,,,,,
,,,,,,,,,,,,
,,,,,,,,,,,,
,,,,,,,,,,,,
,,,,,,,,,,,,
,,,,,,,,,,,,
,,,,,,,,,,,,
,,,,,,,,,,,,
,,,,,,,,,,,,
,,,,,,,,,,,,
,,,,,,,,,,,,
,,,,,,,,,,,,
,,,,,,,,,,,,
,,,,,,,,,,,,
,,,,,,,,,,,,
,,,,,,,,,,,,
,,,,,,,,,,,,
,,,,,,,,,,,,
,,,,,,,,,,,,
,,,,,,,,,,,,
,,,,,,,,,,,,
,,,,,,,,,,,,
,,,,,,,,,,,,
,,,,,,,,,,,,
,,,,,,,,,,,,
,,,,,,,,,,,,
,,,,,,,,,,,,
,,,,,,,,,,,,
,,,,,,,,,,,,
,,,,,,,,,,,,
